Group,Scientific name,Does it have a Wikipedia page?,QID,Threat category in SALVE,Biome of occurrence
Amphibians,Adelophryne baturitensis,Yes,Q2208677,Least Concern,Caatinga
Amphibians,Adelophryne glandulata,Yes,Q18552370,Least Concern,"Cerrado, Atlantic Forest"
Amphibians,Adelophryne maranguapensis,Yes,Q2707091,Critically Endangered,Caatinga
Amphibians,Adelophryne meridionalis,Yes,Q18552394,Least Concern,Atlantic Forest
Amphibians,Adelophryne michelin,Yes,Q90884101,Least Concern,Atlantic Forest
Amphibians,Adelophryne mucronata,Yes,Q2824235,Least Concern,Atlantic Forest
Amphibians,Adelophryne pachydactyla,Yes,Q2208616,Data Deficient,Atlantic Forest
Amphibians,Adelphobates castaneoticus,Yes,Q137827,Least Concern,Amazon
Amphibians,Adelphobates galactonotus,Yes,Q138476,Least Concern,"Amazon, Cerrado"
Amphibians,Adenomera ajurauna,Yes,Q28053417,Least Concern,Atlantic Forest
Amphibians,Adenomera araucaria,Yes,Q2050210,Least Concern,"Atlantic Forest, Pampa, Coastal-Marine System"
Amphibians,Adenomera bokermanni,Yes,Q2174196,Least Concern,"Amazon, Cerrado, Atlantic Forest, Coastal-Marine System"
Amphibians,Adenomera cotuba,Yes,Q17600046,Least Concern,Cerrado
Amphibians,Adenomera engelsi,Yes,Q3230014,Least Concern,"Atlantic Forest, Coastal-Marine System"
Amphibians,Adenomera juikitam,Yes,Q17600069,Least Concern,Cerrado
Amphibians,Adenomera marmorata,Yes,Q2241190,Least Concern,"Cerrado, Atlantic Forest, Coastal-Marine System"
Amphibians,Adenomera martinezi,Yes,Q2241161,Least Concern,Amazon
Amphibians,Adenomera nana,Yes,Q20055184,Least Concern,Atlantic Forest
Amphibians,Adenomera saci,Yes,Q17600075,Least Concern,Cerrado
Amphibians,Adenomera thomei,Yes,Q28053547,Least Concern,Atlantic Forest
Amphibians,Gastrotheca albolineata,Yes,Q2208969,Least Concern,Atlantic Forest
Amphibians,Gastrotheca ernestoi,Yes,Q4686381,Least Concern,Atlantic Forest
Amphibians,Gastrotheca fulvorufa,Yes,Q4687142,Least Concern,Atlantic Forest
Amphibians,Gastrotheca microdiscus,Yes,Q2210086,Least Concern,Atlantic Forest
Amphibians,Allobates bacurau,Yes,Q25385212,Least Concern,Amazon
Amphibians,Allobates brunneus,Yes,Q1936979,Near Threatened,Cerrado
Amphibians,Allobates caeruleodactylus,Yes,Q1343414,Least Concern,Amazon
Amphibians,Allobates crombiei,Yes,Q2838401,Least Concern,"Amazon, Cerrado"
Amphibians,Allobates fuscellus,Yes,Q4672108,Least Concern,Amazon
Amphibians,Allobates gasconi,Yes,Q4687579,Least Concern,Amazon
Amphibians,Allobates goianus,Yes,Q4672881,Near Threatened,Cerrado
Amphibians,Allobates grillisimilis,Yes,Q14445870,Least Concern,Amazon
Amphibians,Allobates hodli,Yes,Q2838421,Least Concern,Amazon
Amphibians,Allobates juami,Yes,Q50208275,Least Concern,Amazon
Amphibians,Allobates magnussoni,Yes,Q18611903,Least Concern,Amazon
Amphibians,Allobates masniger,Yes,Q4676078,Least Concern,Amazon
Amphibians,Allobates nidicola,Yes,Q4672847,Least Concern,Amazon
Amphibians,Allobates olfersioides,Yes,Q644036,Data Deficient,Atlantic Forest
Amphibians,Allobates subfolionidificans,Yes,Q4672304,Least Concern,Amazon
Amphibians,Allobates tapajos,Yes,Q20722609,Least Concern,Amazon
Amphibians,Allobates tinae,Yes,Q55760257,Least Concern,Amazon
Amphibians,Allobates vanzolinius,Yes,Q4672531,Least Concern,Amazon
Amphibians,Allophryne relicta,Yes,Q15241830,Data Deficient,Atlantic Forest
Amphibians,Amazophrynella bokermanni,Yes,Q28027547,Least Concern,Amazon
Amphibians,Amazophrynella manaos,Yes,Q15551700,Least Concern,Amazon
Amphibians,Amazophrynella vote,Yes,Q2841449,Least Concern,Amazon
Amphibians,Amazophrynella xinguensis,No,NA,Data Deficient,Amazon
Amphibians,Ameerega berohoka,Yes,Q17332356,Least Concern,Cerrado
Amphibians,Ameerega braccata,Yes,Q28053336,Least Concern,"Amazon, Cerrado, Pantanal"
Amphibians,Ameerega flavopicta,Yes,Q1348948,Least Concern,"Amazon, Cerrado, Atlantic Forest"
Amphibians,Ameerega munduruku,Yes,Q48884394,Least Concern,Amazon
Amphibians,Ameerega pulchripecta,Yes,Q2842556,Least Concern,Amazon
Amphibians,Anomaloglossus apiau,Yes,Q19508620,Endangered,Amazon
Amphibians,Anomaloglossus stepheni,Yes,Q28056530,Least Concern,Amazon
Amphibians,Anomaloglossus tepequem,Yes,Q19508647,Critically Endangered,Amazon
Amphibians,Aplastodiscus albofrenatus,Yes,Q591792,Least Concern,Atlantic Forest
Amphibians,Aplastodiscus albosignatus,Yes,Q773554,Least Concern,Atlantic Forest
Amphibians,Aplastodiscus arildae,Yes,Q773558,Least Concern,Atlantic Forest
Amphibians,Aplastodiscus cavicola,Yes,Q426324,Least Concern,Atlantic Forest
Amphibians,Aplastodiscus cochranae,Yes,Q389341,Least Concern,Atlantic Forest
Amphibians,Aplastodiscus ehrhardti,Yes,Q569806,Least Concern,Atlantic Forest
Amphibians,Aplastodiscus eugenioi,Yes,Q2713214,Least Concern,"Atlantic Forest, Coastal-Marine System"
Amphibians,Aplastodiscus flumineus,Yes,Q773583,Data Deficient,Atlantic Forest
Amphibians,Aplastodiscus ibirapitanga,Yes,Q773581,Least Concern,"Cerrado, Atlantic Forest"
Amphibians,Aplastodiscus leucopygius,Yes,Q384412,Least Concern,Atlantic Forest
Amphibians,Aplastodiscus lutzorum,Yes,Q28132098,Least Concern,Cerrado
Amphibians,Aplastodiscus musicus,Yes,Q773595,Data Deficient,Atlantic Forest
Amphibians,Aplastodiscus sibilatus,Yes,Q773599,Least Concern,"Caatinga, Atlantic Forest"
Amphibians,Aplastodiscus weygoldti,Yes,Q647972,Least Concern,Atlantic Forest
Amphibians,Arcovomer passarellii,Yes,Q1817325,Least Concern,Atlantic Forest
Amphibians,Atretochoana eiselti,Yes,Q1916885,Least Concern,Amazon
Amphibians,Bahius bilineatus,Yes,Q1593718,Least Concern,"Caatinga, Atlantic Forest"
Amphibians,Barycholos ternetzi,Yes,Q2208764,Least Concern,"Amazon, Cerrado, Atlantic Forest"
Amphibians,Boana albomarginata,Yes,Q2245702,Least Concern,"Caatinga, Cerrado, Atlantic Forest, Coastal-Marine System"
Amphibians,Boana atlantica,Yes,Q1942708,Least Concern,"Caatinga, Atlantic Forest, Coastal-Marine System"
Amphibians,Boana bischoffi,Yes,Q1945230,Least Concern,"Cerrado, Atlantic Forest, Pampa"
Amphibians,Boana botumirim,Yes,Q3144367,Least Concern,"Cerrado, Atlantic Forest"
Amphibians,Boana buriti,Yes,Q1942713,Vulnerable,Cerrado
Amphibians,Boana caiapo,Yes,Q107915886,Least Concern,"Amazon, Cerrado"
Amphibians,Boana caipora,Yes,Q4678504,Least Concern,Atlantic Forest
Amphibians,Boana cambui,Yes,Q28006424,Data Deficient,Atlantic Forest
Amphibians,Boana cipoensis,Yes,Q1942681,Least Concern,"Cerrado, Atlantic Forest"
Amphibians,Boana claresignata,Yes,Q954110,Data Deficient,Atlantic Forest
Amphibians,Boana clepsydra,Yes,Q2708370,Data Deficient,Atlantic Forest
Amphibians,Boana crepitans,Yes,Q2214054,Least Concern,"Caatinga, Cerrado, Atlantic Forest"
Amphibians,Boana ericae,Yes,Q1945292,Least Concern,Cerrado
Amphibians,Boana exastis,Yes,Q1945206,Least Concern,Atlantic Forest
Amphibians,Boana freicanecae,Yes,Q1942742,Least Concern,Atlantic Forest
Amphibians,Boana goiana,Yes,Q2246636,Least Concern,Cerrado
Amphibians,Boana guentheri,Yes,Q1942629,Least Concern,"Atlantic Forest, Pampa"
Amphibians,Boana icamiaba,Yes,Q107741742,Least Concern,Amazon
Amphibians,Boana jaguariaivensis,Yes,Q18464199,Least Concern,"Cerrado, Atlantic Forest"
Amphibians,Boana joaquini,Yes,Q1943163,Least Concern,Atlantic Forest
Amphibians,Boana leptolineata,Yes,Q1945996,Least Concern,Atlantic Forest
Amphibians,Boana leucocheila,Yes,Q1943557,Least Concern,Amazon
Amphibians,Boana lundii,Yes,Q976596,Least Concern,"Cerrado, Atlantic Forest"
Amphibians,Boana marginata,Yes,Q1944018,Least Concern,Atlantic Forest
Amphibians,Boana paranaiba,Yes,Q3144376,Least Concern,"Cerrado, Atlantic Forest"
Amphibians,Boana pardalis,Yes,Q1942962,Least Concern,Atlantic Forest
Amphibians,Boana poaju,Yes,Q3144377,Least Concern,Atlantic Forest
Amphibians,Boana polytaenia,Yes,Q1943183,Least Concern,"Cerrado, Atlantic Forest"
Amphibians,Boana pombali,Yes,Q1942867,Least Concern,Atlantic Forest
Amphibians,Boana prasina,Yes,Q127433185,Least Concern,"Cerrado, Atlantic Forest"
Amphibians,Boana secedens,Yes,Q307243,Least Concern,Atlantic Forest
Amphibians,Boana semiguttata,Yes,Q1942984,Least Concern,Atlantic Forest
Amphibians,Boana semilineata,Yes,Q2237545,Least Concern,"Cerrado, Atlantic Forest"
Amphibians,Boana stellae,Yes,Q4665508,Data Deficient,Atlantic Forest
Amphibians,Boana stenocephala,Yes,Q1943068,Least Concern,"Cerrado, Atlantic Forest"
Amphibians,Bokermannohyla ahenea,Yes,Q2705683,Least Concern,Atlantic Forest
Amphibians,Bokermannohyla alvarengai,Yes,Q2706290,Least Concern,"Caatinga, Cerrado, Atlantic Forest"
Amphibians,Bokermannohyla astartea,Yes,Q2706781,Least Concern,Atlantic Forest
Amphibians,Bokermannohyla capra,Yes,Q2909212,Least Concern,"Atlantic Forest, Coastal-Marine System"
Amphibians,Bokermannohyla caramaschii,Yes,Q2706335,Least Concern,Atlantic Forest
Amphibians,Bokermannohyla carvalhoi,Yes,Q2707140,Least Concern,Atlantic Forest
Amphibians,Bokermannohyla circumdata,Yes,Q2707365,Least Concern,"Caatinga, Cerrado, Atlantic Forest"
Amphibians,Bokermannohyla diamantina,Yes,Q613282,Least Concern,"Caatinga, Cerrado, Atlantic Forest"
Amphibians,Bokermannohyla flavopicta,Yes,Q2909216,Near Threatened,Caatinga
Amphibians,Bokermannohyla gouveai,Yes,Q2706806,Least Concern,Atlantic Forest
Amphibians,Bokermannohyla hylax,Yes,Q939478,Least Concern,"Caatinga, Cerrado, Atlantic Forest"
Amphibians,Bokermannohyla ibitiguara,Yes,Q2707904,Least Concern,Cerrado
Amphibians,Bokermannohyla ibitipoca,Yes,Q2702681,Least Concern,Atlantic Forest
Amphibians,Bokermannohyla itapoty,Yes,Q2909227,Least Concern,Caatinga
Amphibians,Bokermannohyla izecksohni,Yes,Q308753,Data Deficient,Cerrado
Amphibians,Bokermannohyla juiju,Yes,Q2909218,Least Concern,Caatinga
Amphibians,Bokermannohyla langei,Yes,Q307227,Data Deficient,Atlantic Forest
Amphibians,Bokermannohyla lucianae,Yes,Q2705691,Least Concern,Atlantic Forest
Amphibians,Bokermannohyla luctuosa,Yes,Q2706234,Least Concern,Atlantic Forest
Amphibians,Bokermannohyla martinsi,Yes,Q2706812,Near Threatened,Atlantic Forest
Amphibians,Bokermannohyla nanuzae,Yes,Q2707101,Least Concern,"Cerrado, Atlantic Forest"
Amphibians,Bokermannohyla napolii,Yes,Q2909220,Vulnerable,Cerrado
Amphibians,Bokermannohyla oxente,Yes,Q2909231,Least Concern,Caatinga
Amphibians,Bokermannohyla pseudopseudis,Yes,Q2707165,Least Concern,Cerrado
Amphibians,Bokermannohyla ravida,Yes,Q2706285,Data Deficient,Cerrado
Amphibians,Bokermannohyla sagarana,Yes,Q2909225,Near Threatened,Cerrado
Amphibians,Bokermannohyla sapiranga,Yes,Q2909224,Least Concern,Cerrado
Amphibians,Bokermannohyla saxicola,Yes,Q2706878,Least Concern,"Caatinga, Cerrado, Atlantic Forest"
Amphibians,Bokermannohyla sazimai,Yes,Q2707867,Least Concern,Cerrado
Amphibians,Bokermannohyla vulcaniae,Yes,Q2909237,Endangered,Atlantic Forest
Amphibians,Bolitoglossa caldwellae,Yes,Q14448370,Least Concern,Amazon
Amphibians,Bolitoglossa madeira,Yes,Q14448416,Least Concern,Amazon
Amphibians,Bolitoglossa paraensis,Yes,Q2382231,Least Concern,Amazon
Amphibians,Bolitoglossa tapajonica,Yes,Q14448438,Least Concern,Amazon
Amphibians,Brachycephalus actaeus,Yes,Q63124847,Least Concern,Atlantic Forest
Amphibians,Brachycephalus albolineatus,Yes,Q28006433,Data Deficient,Atlantic Forest
Amphibians,Brachycephalus alipioi,Yes,Q2923283,Least Concern,Atlantic Forest
Amphibians,Brachycephalus auroguttatus,Yes,Q20049449,Least Concern,Atlantic Forest
Amphibians,Brachycephalus boticario,Yes,Q20049451,Data Deficient,Atlantic Forest
Amphibians,Brachycephalus brunneus,Yes,Q1595532,Least Concern,Atlantic Forest
Amphibians,Brachycephalus bufonoides,Yes,Q2923280,Data Deficient,Atlantic Forest
Amphibians,Brachycephalus coloratus,Yes,Q33958327,Data Deficient,Atlantic Forest
Amphibians,Brachycephalus crispus,Yes,Q18085205,Least Concern,Atlantic Forest
Amphibians,Brachycephalus curupira,Yes,Q33958331,Least Concern,Atlantic Forest
Amphibians,Brachycephalus darkside,Yes,Q29650931,Least Concern,Atlantic Forest
Amphibians,Brachycephalus didactylus,Yes,Q2700345,Least Concern,Atlantic Forest
Amphibians,Brachycephalus ephippium,Yes,Q1499291,Least Concern,Atlantic Forest
Amphibians,Brachycephalus ferruginus,Yes,Q2923284,Least Concern,Atlantic Forest
Amphibians,Brachycephalus fuscolineatus,Yes,Q20049452,Least Concern,Atlantic Forest
Amphibians,Brachycephalus garbeanus,Yes,Q2923282,Least Concern,Atlantic Forest
Amphibians,Brachycephalus guarani,Yes,Q2923281,Least Concern,Atlantic Forest
Amphibians,Brachycephalus hermogenesi,Yes,Q2706957,Least Concern,Atlantic Forest
Amphibians,Brachycephalus izecksohni,Yes,Q1596175,Least Concern,Atlantic Forest
Amphibians,Brachycephalus leopardus,Yes,Q20049457,Data Deficient,Atlantic Forest
Amphibians,Brachycephalus margaritatus,Yes,Q2923285,Least Concern,Atlantic Forest
Amphibians,Brachycephalus mariaeterezae,Yes,Q20049424,Data Deficient,Atlantic Forest
Amphibians,Brachycephalus mirissimus,No,NA,Vulnerable,Atlantic Forest
Amphibians,Brachycephalus nodoterga,Yes,Q2245246,Least Concern,Atlantic Forest
Amphibians,Brachycephalus olivaceus,Yes,Q20049477,Least Concern,Atlantic Forest
Amphibians,Brachycephalus pernix,Yes,Q2707401,Critically Endangered,Atlantic Forest
Amphibians,Brachycephalus pitanga,Yes,Q896634,Least Concern,Atlantic Forest
Amphibians,Brachycephalus pombali,Yes,Q2923291,Least Concern,Atlantic Forest
Amphibians,Brachycephalus pulex,Yes,Q2923287,Least Concern,Atlantic Forest
Amphibians,Brachycephalus quiririensis,Yes,Q20963715,Endangered,Atlantic Forest
Amphibians,Brachycephalus sulfuratus,Yes,Q25385183,Least Concern,Atlantic Forest
Amphibians,Brachycephalus toby,Yes,Q2923286,Least Concern,Atlantic Forest
Amphibians,Brachycephalus tridactylus,Yes,Q2923290,Least Concern,Atlantic Forest
Amphibians,Brachycephalus verrucosus,Yes,Q20049478,Least Concern,Atlantic Forest
Amphibians,Brachycephalus vertebralis,Yes,Q2698177,Least Concern,Atlantic Forest
Amphibians,Brasilotyphlus braziliensis,Yes,Q1304866,Least Concern,Amazon
Amphibians,Brasilotyphlus guarantanus,Yes,Q2923939,Least Concern,Amazon
Amphibians,Caecilia armata,Yes,Q2236865,Data Deficient,NA
Amphibians,Ceratophrys aurita,Yes,Q1391753,Data Deficient,"Caatinga, Atlantic Forest"
Amphibians,Ceratophrys joazeirensis,Yes,Q2946385,Least Concern,"Caatinga, Cerrado, Atlantic Forest"
Amphibians,Chiasmocleis alagoana,Yes,Q2240707,Vulnerable,Atlantic Forest
Amphibians,Chiasmocleis altomontana,No,NA,Least Concern,Atlantic Forest
Amphibians,Chiasmocleis atlantica,Yes,Q546139,Least Concern,Atlantic Forest
Amphibians,Chiasmocleis avilapiresae,Yes,Q4669910,Least Concern,Amazon
Amphibians,Chiasmocleis capixaba,Yes,Q2240969,Least Concern,Atlantic Forest
Amphibians,Chiasmocleis centralis,Yes,Q2210987,Data Deficient,Cerrado
Amphibians,Chiasmocleis cordeiroi,Yes,Q2241832,Least Concern,Atlantic Forest
Amphibians,Chiasmocleis crucis,Yes,Q2241566,Least Concern,Atlantic Forest
Amphibians,Chiasmocleis gnoma,Yes,Q1594391,Least Concern,Atlantic Forest
Amphibians,Chiasmocleis lacrimae,Yes,Q20054033,Least Concern,Atlantic Forest
Amphibians,Chiasmocleis leucosticta,Yes,Q2242227,Least Concern,"Cerrado, Atlantic Forest"
Amphibians,Chiasmocleis mantiqueira,Yes,Q4669790,Least Concern,Atlantic Forest
Amphibians,Chiasmocleis mehelyi,Yes,Q2211516,Least Concern,"Cerrado, Pantanal"
Amphibians,Chiasmocleis migueli,No,NA,Data Deficient,Atlantic Forest
Amphibians,Chiasmocleis papachibe,Yes,Q17256043,Data Deficient,Amazon
Amphibians,Chiasmocleis quilombola,Yes,Q17459621,Least Concern,Atlantic Forest
Amphibians,Chiasmocleis sapiranga,Yes,Q4676218,Data Deficient,Atlantic Forest
Amphibians,Chiasmocleis schubarti,Yes,Q2241818,Least Concern,"Cerrado, Atlantic Forest"
Amphibians,Chiasmocleis veracruz,No,NA,Least Concern,Atlantic Forest
Amphibians,Chthonerpeton arii,Yes,Q1942022,Data Deficient,Caatinga
Amphibians,Chthonerpeton braestrupi,Yes,Q1941465,Least Concern,Atlantic Forest
Amphibians,Chthonerpeton exile,Yes,Q1941501,Data Deficient,NA
Amphibians,Chthonerpeton noctinectes,Yes,Q1941607,Least Concern,Atlantic Forest
Amphibians,Chthonerpeton perissodus,Yes,Q1942132,Data Deficient,Cerrado
Amphibians,Chthonerpeton tremembe,Yes,Q20722505,Data Deficient,Cerrado
Amphibians,Chthonerpeton viviparum,Yes,Q1942156,Data Deficient,Atlantic Forest
Amphibians,Corythomantis greeningi,Yes,Q2700678,Least Concern,"Caatinga, Cerrado, Atlantic Forest"
Amphibians,Crossodactylodes bokermanni,Yes,Q2236966,Near Threatened,Atlantic Forest
Amphibians,Crossodactylodes itambe,Yes,Q17560934,Critically Endangered,Atlantic Forest
Amphibians,Crossodactylodes izecksohni,Yes,Q2238396,Endangered,Atlantic Forest
Amphibians,Crossodactylodes pintoi,Yes,Q2237448,Data Deficient,Atlantic Forest
Amphibians,Crossodactylodes septentrionalis,Yes,Q17560931,Least Concern,Atlantic Forest
Amphibians,Crossodactylus boulengeri,Yes,Q18507333,Critically Endangered,Atlantic Forest
Amphibians,Crossodactylus caramaschii,Yes,Q2237667,Least Concern,"Cerrado, Atlantic Forest"
Amphibians,Crossodactylus cyclospinus,Yes,Q4666403,Data Deficient,"Cerrado, Atlantic Forest"
Amphibians,Crossodactylus dantei,Yes,Q2237466,Critically Endangered,Atlantic Forest
Amphibians,Crossodactylus dispar,Yes,Q2238067,Critically Endangered,Atlantic Forest
Amphibians,Crossodactylus franciscanus,Yes,Q20053601,Critically Endangered,Cerrado
Amphibians,Crossodactylus gaudichaudii,Yes,Q2237743,Least Concern,Atlantic Forest
Amphibians,Crossodactylus grandis,Yes,Q2237813,Least Concern,Atlantic Forest
Amphibians,Crossodactylus lutzorum,Yes,Q2238082,Data Deficient,Atlantic Forest
Amphibians,Crossodactylus timbuhy,Yes,Q18464435,Least Concern,Atlantic Forest
Amphibians,Crossodactylus trachystomus,Yes,Q2238229,Least Concern,"Cerrado, Atlantic Forest"
Amphibians,Crossodactylus werneri,Yes,Q18464439,Data Deficient,Atlantic Forest
Amphibians,Cycloramphus acangatan,Yes,Q2237946,Least Concern,Atlantic Forest
Amphibians,Cycloramphus asper,Yes,Q2237480,Near Threatened,Atlantic Forest
Amphibians,Cycloramphus bandeirensis,Yes,Q2237787,Data Deficient,Atlantic Forest
Amphibians,Cycloramphus bolitoglossus,Yes,Q2238110,Least Concern,Atlantic Forest
Amphibians,Cycloramphus boraceiensis,Yes,Q2238222,Least Concern,Atlantic Forest
Amphibians,Cycloramphus brasiliensis,Yes,Q2237182,Least Concern,Atlantic Forest
Amphibians,Cycloramphus carvalhoi,Yes,Q2238176,Least Concern,Atlantic Forest
Amphibians,Cycloramphus catarinensis,Yes,Q2237596,Data Deficient,Atlantic Forest
Amphibians,Cycloramphus cedrensis,Yes,Q2238101,Data Deficient,Atlantic Forest
Amphibians,Cycloramphus diringshofeni,Yes,Q2237863,Critically Endangered,Atlantic Forest
Amphibians,Cycloramphus dubius,Yes,Q2238297,Least Concern,Atlantic Forest
Amphibians,Cycloramphus duseni,Yes,Q2237534,Data Deficient,Atlantic Forest
Amphibians,Cycloramphus eleutherodactylus,Yes,Q2237906,Least Concern,Atlantic Forest
Amphibians,Cycloramphus faustoi,Yes,Q3008577,Vulnerable,NA
Amphibians,Cycloramphus fuliginosus,Yes,Q2238049,Least Concern,Atlantic Forest
Amphibians,Cycloramphus granulosus,Yes,Q2238090,Data Deficient,Atlantic Forest
Amphibians,Cycloramphus heyeri,No,NA,Data Deficient,Atlantic Forest
Amphibians,Cycloramphus izecksohni,Yes,Q2237491,Least Concern,Atlantic Forest
Amphibians,Cycloramphus juimirim,Yes,Q2238304,Least Concern,Atlantic Forest
Amphibians,Cycloramphus lithomimeticus,Yes,Q3008576,Data Deficient,Atlantic Forest
Amphibians,Cycloramphus lutzorum,Yes,Q2237819,Least Concern,Atlantic Forest
Amphibians,Cycloramphus migueli,Yes,Q2237619,Near Threatened,Atlantic Forest
Amphibians,Cycloramphus mirandaribeiroi,Yes,Q2699434,Least Concern,Atlantic Forest
Amphibians,Cycloramphus ohausi,Yes,Q2238250,Data Deficient,Atlantic Forest
Amphibians,Cycloramphus organensis,Yes,Q3008578,Least Concern,Atlantic Forest
Amphibians,Cycloramphus parvulus,Yes,Q1935909,Least Concern,Atlantic Forest
Amphibians,Cycloramphus rhyakonastes,Yes,Q2238319,Least Concern,Atlantic Forest
Amphibians,Cycloramphus semipalmatus,Yes,Q2699408,Least Concern,Atlantic Forest
Amphibians,Cycloramphus stejnegeri,Yes,Q2237676,Critically Endangered,Atlantic Forest
Amphibians,Cycloramphus valae,Yes,Q2237705,Data Deficient,Atlantic Forest
Amphibians,Dasypops schirchi,Yes,Q2068839,Near Threatened,Atlantic Forest
Amphibians,Dendrophryniscus berthalutzae,Yes,Q2701948,Least Concern,Atlantic Forest
Amphibians,Dendrophryniscus brevipollicatus,Yes,Q2702416,Least Concern,Atlantic Forest
Amphibians,Dendrophryniscus carvalhoi,Yes,Q2701617,Least Concern,Atlantic Forest
Amphibians,Dendrophryniscus krausae,Yes,Q3022397,Data Deficient,Atlantic Forest
Amphibians,Dendrophryniscus leucomystax,Yes,Q2702158,Least Concern,"Cerrado, Atlantic Forest"
Amphibians,Dendrophryniscus oreites,Yes,Q3022400,Least Concern,Atlantic Forest
Amphibians,Dendrophryniscus organensis,Yes,Q3022398,Least Concern,Atlantic Forest
Amphibians,Dendrophryniscus proboscideus,Yes,Q22112556,Least Concern,Atlantic Forest
Amphibians,Dendrophryniscus skuki,Yes,Q3022401,Least Concern,Atlantic Forest
Amphibians,Dendrophryniscus stawiarskyi,Yes,Q519658,Data Deficient,Atlantic Forest
Amphibians,Dendropsophus anataliasiasi,Yes,Q2699005,Least Concern,Cerrado
Amphibians,Dendropsophus anceps,Yes,Q2700817,Least Concern,"Caatinga, Cerrado, Atlantic Forest"
Amphibians,Dendropsophus araguaya,Yes,Q2703027,Least Concern,Cerrado
Amphibians,Dendropsophus berthalutzae,Yes,Q2699316,Least Concern,"Cerrado, Atlantic Forest"
Amphibians,Dendropsophus bipunctatus,Yes,Q2701403,Least Concern,Atlantic Forest
Amphibians,Dendropsophus branneri,Yes,Q2702130,Least Concern,"Amazon, Caatinga, Cerrado, Atlantic Forest, Coastal-Marine System"
Amphibians,Dendropsophus bromeliaceus,Yes,Q42306485,Least Concern,Atlantic Forest
Amphibians,Dendropsophus cachimbo,Yes,Q2699401,Least Concern,Amazon
Amphibians,Dendropsophus cerradensis,Yes,Q2703393,Data Deficient,Cerrado
Amphibians,Dendropsophus decipiens,Yes,Q2700482,Least Concern,"Caatinga, Cerrado, Atlantic Forest"
Amphibians,Dendropsophus dutrai,Yes,Q2699875,Near Threatened,Atlantic Forest
Amphibians,Dendropsophus elegans,Yes,Q2700556,Least Concern,Atlantic Forest
Amphibians,Dendropsophus giesleri,Yes,Q2701648,Least Concern,Atlantic Forest
Amphibians,Dendropsophus haddadi,Yes,Q2701907,Least Concern,"Caatinga, Atlantic Forest"
Amphibians,Dendropsophus limai,Yes,Q2700285,Data Deficient,Atlantic Forest
Amphibians,Dendropsophus mapinguari,Yes,Q42306486,Least Concern,Amazon
Amphibians,Dendropsophus meridianus,Yes,Q2700564,Least Concern,Atlantic Forest
Amphibians,Dendropsophus microps,Yes,Q2699714,Least Concern,"Cerrado, Atlantic Forest"
Amphibians,Dendropsophus minimus,Yes,Q2702136,Data Deficient,Amazon
Amphibians,Dendropsophus nahdereri,Yes,Q2699887,Least Concern,Atlantic Forest
Amphibians,Dendropsophus nekronastes,Yes,Q31204481,Data Deficient,Atlantic Forest
Amphibians,Dendropsophus novaisi,Yes,Q2699937,Least Concern,"Caatinga, Atlantic Forest"
Amphibians,Dendropsophus oliveirai,Yes,Q2699962,Least Concern,"Caatinga, Atlantic Forest"
Amphibians,Dendropsophus ozzyi,Yes,Q19705510,Least Concern,Amazon
Amphibians,Dendropsophus pauiniensis,Yes,Q2701902,Least Concern,Amazon
Amphibians,Dendropsophus pseudomeridianus,Yes,Q2702652,Least Concern,Atlantic Forest
Amphibians,Dendropsophus rhea,Yes,Q2699637,Data Deficient,Atlantic Forest
Amphibians,Dendropsophus ruschii,Yes,Q2699871,Least Concern,Atlantic Forest
Amphibians,Dendropsophus seniculus,Yes,Q2702328,Least Concern,"Atlantic Forest, Coastal-Marine System"
Amphibians,Dendropsophus soaresi,Yes,Q2701540,Least Concern,"Caatinga, Cerrado, Atlantic Forest"
Amphibians,Dendropsophus studerae,Yes,Q2703011,Near Threatened,Atlantic Forest
Amphibians,Dendropsophus tintinnabulum,Yes,Q2702387,Least Concern,Amazon
Amphibians,Dendropsophus tritaeniatus,Yes,Q2699956,Least Concern,Cerrado
Amphibians,Dendropsophus walfordi,Yes,Q2700572,Least Concern,Amazon
Amphibians,Dendropsophus werneri,Yes,Q2702644,Least Concern,"Atlantic Forest, Pampa"
Amphibians,Dendropsophus xapuriensis,Yes,Q532521,Least Concern,Amazon
Amphibians,Dryaderces inframaculata,Yes,Q28049888,Least Concern,Amazon
Amphibians,Elachistocleis bumbameuboi,Yes,Q3050368,Least Concern,"Amazon, Cerrado"
Amphibians,Elachistocleis carvalhoi,Yes,Q3050369,Least Concern,"Amazon, Cerrado"
Amphibians,Elachistocleis cesarii,Yes,Q3050373,Least Concern,"Amazon, Cerrado, Atlantic Forest"
Amphibians,Elachistocleis corumbaensis,Yes,Q47215780,Data Deficient,Pantanal
Amphibians,Elachistocleis erythrogaster,Yes,Q2242854,Data Deficient,Atlantic Forest
Amphibians,Elachistocleis magna,Yes,Q3050375,Least Concern,"Amazon, Cerrado, Pantanal"
Amphibians,Elachistocleis piauiensis,Yes,Q654238,Least Concern,"Caatinga, Cerrado"
Amphibians,Elachistocleis surumu,Yes,Q3050379,Least Concern,Amazon
Amphibians,Gastrotheca fissipes,Yes,Q2209466,Least Concern,Atlantic Forest
Amphibians,Gastrotheca flamma,Yes,Q3099231,Data Deficient,Atlantic Forest
Amphibians,Gastrotheca megacephala,Yes,Q3099232,Least Concern,"Caatinga, Atlantic Forest, Coastal-Marine System"
Amphibians,Gastrotheca prasina,Yes,Q2400510,Data Deficient,Atlantic Forest
Amphibians,Gastrotheca pulchra,Yes,Q4672331,Least Concern,Atlantic Forest
Amphibians,Gastrotheca recava,Yes,Q3099237,Least Concern,Atlantic Forest
Amphibians,Euparkerella brasiliensis,Yes,Q2237522,Least Concern,Atlantic Forest
Amphibians,Euparkerella cochranae,Yes,Q2237088,Least Concern,Atlantic Forest
Amphibians,Euparkerella cryptica,Yes,Q20160769,Data Deficient,Atlantic Forest
Amphibians,Euparkerella robusta,Yes,Q2237553,Critically Endangered,Atlantic Forest
Amphibians,Euparkerella tridactyla,Yes,Q2237890,Least Concern,Atlantic Forest
Amphibians,Fritziana fissilis,Yes,Q28046882,Least Concern,Atlantic Forest
Amphibians,Fritziana goeldii,Yes,Q28047033,Least Concern,Atlantic Forest
Amphibians,Fritziana izecksohni,Yes,Q56350035,Least Concern,Atlantic Forest
Amphibians,Fritziana ohausi,Yes,Q28047273,Least Concern,Atlantic Forest
Amphibians,Fritziana tonimi,Yes,Q27861440,Data Deficient,Atlantic Forest
Amphibians,Fritziana ulei,Yes,Q18479513,Least Concern,Atlantic Forest
Amphibians,Frostius erythrophthalmus,Yes,Q2191939,Least Concern,"Caatinga, Atlantic Forest"
Amphibians,Frostius pernambucensis,Yes,Q945302,Least Concern,"Caatinga, Atlantic Forest"
Amphibians,Sphaenorhynchus pauloalvini,Yes,Q2712066,Least Concern,Atlantic Forest
Amphibians,Haddadus aramunha,Yes,Q28026049,Least Concern,Caatinga
Amphibians,Haddadus binotatus,Yes,Q2213102,Least Concern,"Cerrado, Atlantic Forest, Pampa"
Amphibians,Haddadus plicifer,Yes,Q1611587,Data Deficient,Atlantic Forest
Amphibians,Holoaden bradei,Yes,Q303696,Critically Endangered,Atlantic Forest
Amphibians,Holoaden luederwaldti,Yes,Q2237735,Near Threatened,Atlantic Forest
Amphibians,Holoaden pholeter,Yes,Q4673969,Least Concern,Atlantic Forest
Amphibians,Holoaden suarezi,Yes,Q2738905,Least Concern,Atlantic Forest
Amphibians,Hyalinobatrachium muiraquitan,Yes,Q30937231,Data Deficient,Amazon
Amphibians,Hydrolaetare dantasi,Yes,Q2237618,Least Concern,Amazon
Amphibians,Hyla imitator,Yes,Q3143873,Data Deficient,Amazon
Amphibians,Hylodes amnicola,Yes,Q2237927,Least Concern,Atlantic Forest
Amphibians,Hylodes asper,Yes,Q2237577,Least Concern,Atlantic Forest
Amphibians,Hylodes babax,Yes,Q2237686,Least Concern,Atlantic Forest
Amphibians,Hylodes caete,Yes,Q30688914,Least Concern,Atlantic Forest
Amphibians,Hylodes cardosoi,Yes,Q6467688,Least Concern,Atlantic Forest
Amphibians,Hylodes charadranaetes,Yes,Q2237717,Least Concern,Atlantic Forest
Amphibians,Hylodes dactylocinus,Yes,Q2237255,Least Concern,Atlantic Forest
Amphibians,Hylodes fredi,Yes,Q4680566,Least Concern,Atlantic Forest
Amphibians,Hylodes glaber,Yes,Q2237899,Critically Endangered,Atlantic Forest
Amphibians,Hylodes heyeri,Yes,Q2237801,Least Concern,Atlantic Forest
Amphibians,Hylodes japi,Yes,Q19819344,Least Concern,Atlantic Forest
Amphibians,Hylodes lateristrigatus,Yes,Q2237640,Least Concern,Atlantic Forest
Amphibians,Hylodes magalhaesi,Yes,Q2238057,Vulnerable,Atlantic Forest
Amphibians,Hylodes meridionalis,Yes,Q2237756,Least Concern,Atlantic Forest
Amphibians,Hylodes mertensi,Yes,Q2238124,Critically Endangered,Atlantic Forest
Amphibians,Hylodes nasus,Yes,Q594983,Least Concern,Atlantic Forest
Amphibians,Hylodes ornatus,Yes,Q2699181,Least Concern,Atlantic Forest
Amphibians,Hylodes otavioi,Yes,Q2699205,Near Threatened,"Cerrado, Atlantic Forest"
Amphibians,Hylodes perere,Yes,Q3143937,Least Concern,Atlantic Forest
Amphibians,Hylodes perplicatus,Yes,Q2238076,Least Concern,Atlantic Forest
Amphibians,Hylodes phyllodes,Yes,Q2237727,Least Concern,Atlantic Forest
Amphibians,Hylodes pipilans,Yes,Q4679076,Least Concern,Atlantic Forest
Amphibians,Hylodes regius,Yes,Q2699112,Least Concern,Atlantic Forest
Amphibians,Hylodes sazimai,Yes,Q2670369,Endangered,Atlantic Forest
Amphibians,Hylodes uai,Yes,Q2238285,Least Concern,Atlantic Forest
Amphibians,Hylodes vanzolinii,Yes,Q2237606,Data Deficient,Atlantic Forest
Amphibians,Hylomantis aspera,Yes,Q2704560,Least Concern,Atlantic Forest
Amphibians,Hylomantis granulosa,Yes,Q747607,Least Concern,"Caatinga, Atlantic Forest"
Amphibians,Ischnocnema abdita,Yes,Q3155163,Least Concern,Atlantic Forest
Amphibians,Ischnocnema bolbodactyla,Yes,Q4669892,Least Concern,Atlantic Forest
Amphibians,Ischnocnema colibri,No,NA,Least Concern,Atlantic Forest
Amphibians,Ischnocnema concolor,Yes,Q3155165,Least Concern,Atlantic Forest
Amphibians,Ischnocnema epipeda,Yes,Q4750132,Critically Endangered,Atlantic Forest
Amphibians,Ischnocnema erythromera,Yes,Q1592788,Near Threatened,Atlantic Forest
Amphibians,Ischnocnema feioi,No,NA,Least Concern,Atlantic Forest
Amphibians,Ischnocnema garciai,No,NA,Critically Endangered,Atlantic Forest
Amphibians,Ischnocnema gehrti,Yes,Q4741999,Least Concern,Atlantic Forest
Amphibians,Ischnocnema gualteri,Yes,Q4678455,Least Concern,Atlantic Forest
Amphibians,Ischnocnema guentheri,Yes,Q3155169,Least Concern,Atlantic Forest
Amphibians,Ischnocnema hoehnei,Yes,Q4727743,Least Concern,Atlantic Forest
Amphibians,Ischnocnema holti,Yes,Q28021848,Least Concern,Atlantic Forest
Amphibians,Ischnocnema izecksohni,Yes,Q4679203,Least Concern,Atlantic Forest
Amphibians,Ischnocnema juipoca,Yes,Q4686175,Least Concern,"Cerrado, Atlantic Forest"
Amphibians,Ischnocnema karst,Yes,Q3155173,Vulnerable,Cerrado
Amphibians,Ischnocnema lactea,Yes,Q4672873,Least Concern,Atlantic Forest
Amphibians,Ischnocnema manezinho,Yes,Q28023183,Endangered,Atlantic Forest
Amphibians,Ischnocnema melanopygia,Yes,Q3155174,Least Concern,Atlantic Forest
Amphibians,Ischnocnema nanahallux,Yes,Q13403287,Least Concern,Atlantic Forest
Amphibians,Ischnocnema nasuta,Yes,Q4672258,Least Concern,Atlantic Forest
Amphibians,Ischnocnema nigriventris,Yes,Q28023382,Least Concern,Atlantic Forest
Amphibians,Ischnocnema octavioi,Yes,Q28023494,Least Concern,Atlantic Forest
Amphibians,Ischnocnema oea,Yes,Q3020479,Near Threatened,Atlantic Forest
Amphibians,Ischnocnema paranaensis,Yes,Q28023727,Data Deficient,Atlantic Forest
Amphibians,Ischnocnema parnaso,No,NA,Least Concern,Atlantic Forest
Amphibians,Ischnocnema parva,Yes,Q4683157,Least Concern,Atlantic Forest
Amphibians,Ischnocnema penaxavantinho,Yes,Q3155179,Least Concern,Cerrado
Amphibians,Ischnocnema pusilla,Yes,Q4682581,Data Deficient,Atlantic Forest
Amphibians,Ischnocnema randorum,Yes,Q28024111,Least Concern,Atlantic Forest
Amphibians,Ischnocnema sambaqui,Yes,Q28024137,Least Concern,Atlantic Forest
Amphibians,Ischnocnema spanios,Yes,Q27148960,Least Concern,Atlantic Forest
Amphibians,Ischnocnema surda,Yes,Q3155180,Least Concern,Atlantic Forest
Amphibians,Ischnocnema venancioi,Yes,Q28024161,Least Concern,Atlantic Forest
Amphibians,Ischnocnema verrucosa,Yes,Q642649,Least Concern,Atlantic Forest
Amphibians,Ischnocnema vizottoi,Yes,Q3155181,Least Concern,Atlantic Forest
Amphibians,Leptodactylus caatingae,Yes,Q2464403,Least Concern,"Caatinga, Cerrado, Atlantic Forest"
Amphibians,Leptodactylus camaquara,Yes,Q2237771,Least Concern,"Cerrado, Atlantic Forest"
Amphibians,Leptodactylus cunicularius,Yes,Q2237936,Least Concern,"Cerrado, Atlantic Forest"
Amphibians,Leptodactylus cupreus,Yes,Q4676214,Least Concern,Atlantic Forest
Amphibians,Leptodactylus flavopictus,Yes,Q2237874,Least Concern,Atlantic Forest
Amphibians,Leptodactylus hylodes,Yes,Q2237634,Data Deficient,Atlantic Forest
Amphibians,Leptodactylus jolyi,Yes,Q2237657,Least Concern,"Cerrado, Atlantic Forest"
Amphibians,Leptodactylus latrans,Yes,Q2238202,Least Concern,Atlantic Forest
Amphibians,Leptodactylus lauramiriamae,Yes,Q4666383,Data Deficient,Amazon
Amphibians,Leptodactylus marambaiae,Yes,Q305587,Least Concern,Atlantic Forest
Amphibians,Leptodactylus natalensis,Yes,Q2237850,Least Concern,"Caatinga, Cerrado, Atlantic Forest"
Amphibians,Leptodactylus notoaktites,Yes,Q2237882,Least Concern,Atlantic Forest
Amphibians,Leptodactylus ochraceus,Yes,Q4668777,Data Deficient,Atlantic Forest
Amphibians,Leptodactylus oreomantis,Yes,Q17600080,Least Concern,Caatinga
Amphibians,Leptodactylus paraensis,Yes,Q4675749,Least Concern,Amazon
Amphibians,Leptodactylus pustulatus,Yes,Q2239664,Least Concern,"Amazon, Caatinga, Cerrado"
Amphibians,Leptodactylus sertanejo,Yes,Q4677729,Least Concern,"Cerrado, Atlantic Forest"
Amphibians,Leptodactylus spixi,Yes,Q2240066,Least Concern,"Caatinga, Atlantic Forest"
Amphibians,Leptodactylus tapiti,Yes,Q2238420,Least Concern,Cerrado
Amphibians,Leptodactylus troglodytes,Yes,Q2239207,Least Concern,"Amazon, Caatinga, Cerrado, Atlantic Forest"
Amphibians,Leptodactylus viridis,Yes,Q2238833,Least Concern,Atlantic Forest
Amphibians,Luetkenotyphlus insulanus,Yes,Q115831943,Least Concern,Atlantic Forest
Amphibians,Lysapsus caraya,Yes,Q2712786,Least Concern,"Amazon, Cerrado"
Amphibians,Macrogenioglottus alipioi,Yes,Q2210105,Least Concern,"Cerrado, Atlantic Forest"
Amphibians,Megaelosia goeldii,Yes,Q2239267,Least Concern,Atlantic Forest
Amphibians,Melanophryniscus admirabilis,Yes,Q3304922,Critically Endangered,Atlantic Forest
Amphibians,Melanophryniscus alipioi,Yes,Q4688036,Least Concern,Atlantic Forest
Amphibians,Melanophryniscus biancae,Yes,Q22009310,Endangered,Atlantic Forest
Amphibians,Melanophryniscus cambaraensis,Yes,Q1941801,Endangered,Atlantic Forest
Amphibians,Melanophryniscus dorsalis,Yes,Q1040832,Vulnerable,"Atlantic Forest, Pampa, Coastal-Marine System"
Amphibians,Melanophryniscus macrogranulosus,Yes,Q1941391,Endangered,Atlantic Forest
Amphibians,Melanophryniscus milanoi,Yes,Q22009311,Data Deficient,Atlantic Forest
Amphibians,Melanophryniscus moreirae,Yes,Q1942395,Least Concern,Atlantic Forest
Amphibians,Melanophryniscus peritus,Yes,Q3304928,Data Deficient,Atlantic Forest
Amphibians,Melanophryniscus setiba,Yes,Q3304929,Vulnerable,Atlantic Forest
Amphibians,Melanophryniscus simplex,Yes,Q1942345,Least Concern,"Atlantic Forest, Pampa"
Amphibians,Melanophryniscus spectabilis,Yes,Q2246969,Near Threatened,Atlantic Forest
Amphibians,Melanophryniscus tumifrons,Yes,Q2213767,Least Concern,"Atlantic Forest, Pampa"
Amphibians,Melanophryniscus vilavelhensis,Yes,Q4681768,Least Concern,"Cerrado, Atlantic Forest"
Amphibians,Melanophryniscus xanthostomus,Yes,Q22001588,Near Threatened,Atlantic Forest
Amphibians,Microcaecilia butantan,Yes,Q18762261,Least Concern,Amazon
Amphibians,Microcaecilia marvaleewakeae,Yes,Q14450662,Least Concern,Amazon
Amphibians,Microcaecilia rochai,Yes,Q3312086,Least Concern,Amazon
Amphibians,Microcaecilia supernumeraria,Yes,Q2237266,Data Deficient,NA
Amphibians,Microcaecilia trombetas,Yes,Q3312087,Least Concern,Amazon
Amphibians,Mimosiphonops reinhardti,Yes,Q1946388,Data Deficient,NA
Amphibians,Mimosiphonops vermiculatus,Yes,Q587659,Data Deficient,Atlantic Forest
Amphibians,Myersiella microps,Yes,Q2211739,Least Concern,Atlantic Forest
Amphibians,Nyctimantis arapapa,Yes,Q2858126,Near Threatened,Atlantic Forest
Amphibians,Nyctimantis bokermanni,Yes,Q773332,Least Concern,Atlantic Forest
Amphibians,Nyctimantis brunoi,Yes,Q282625,Least Concern,Atlantic Forest
Amphibians,Nyctimantis galeata,Yes,Q110601953,Data Deficient,Caatinga
Amphibians,Nyctimantis pomba,Yes,Q15648454,Critically Endangered,Atlantic Forest
Amphibians,Odontophrynus carvalhoi,Yes,Q2238934,Least Concern,"Caatinga, Cerrado, Atlantic Forest"
Amphibians,Odontophrynus cultripes,Yes,Q517697,Least Concern,"Cerrado, Atlantic Forest"
Amphibians,Odontophrynus juquinha,Yes,Q41766226,Least Concern,"Caatinga, Cerrado, Atlantic Forest"
Amphibians,Odontophrynus monachus,Yes,Q2413582,Least Concern,Cerrado
Amphibians,Oreobates antrum,No,NA,Least Concern,Cerrado
Amphibians,Oreobates heterodactylus,Yes,Q4678221,Least Concern,"Cerrado, Pantanal"
Amphibians,Oreobates remotus,Yes,Q3355845,Least Concern,Cerrado
Amphibians,Oreophrynella weiassipuensis,Yes,Q1941978,Least Concern,Amazon
Amphibians,Oscaecilia hypereumeces,Yes,Q1942535,Data Deficient,Atlantic Forest
Amphibians,Osteocephalus camufatus,Yes,Q27995957,Least Concern,Amazon
Amphibians,Osteocephalus vilarsi,Yes,Q3357394,Least Concern,Amazon
Amphibians,Paratelmatobius cardosoi,Yes,Q2238901,Least Concern,Atlantic Forest
Amphibians,Paratelmatobius gaigeae,Yes,Q2698823,Least Concern,Atlantic Forest
Amphibians,Paratelmatobius lutzii,Yes,Q2698850,Critically Endangered,Atlantic Forest
Amphibians,Paratelmatobius mantiqueira,Yes,Q2239651,Least Concern,Atlantic Forest
Amphibians,Paratelmatobius poecilogaster,Yes,Q2239350,Least Concern,Atlantic Forest
Amphibians,Paratelmatobius yepiranga,Yes,Q3363690,Least Concern,Atlantic Forest
Amphibians,Phantasmarana apuana,Yes,Q125208049,Least Concern,Atlantic Forest
Amphibians,Phantasmarana bocainensis,Yes,Q125207969,Least Concern,Atlantic Forest
Amphibians,Phantasmarana boticariana,Yes,Q125208018,Least Concern,Atlantic Forest
Amphibians,Phantasmarana jordanensis,Yes,Q125208028,Data Deficient,Atlantic Forest
Amphibians,Phantasmarana lutzae,Yes,Q125208082,Data Deficient,Atlantic Forest
Amphibians,Phantasmarana massarti,Yes,Q125207900,Least Concern,Atlantic Forest
Amphibians,Phasmahyla cochranae,Yes,Q2704976,Least Concern,Atlantic Forest
Amphibians,Phasmahyla cruzi,Yes,Q3378644,Least Concern,Atlantic Forest
Amphibians,Phasmahyla exilis,Yes,Q2705397,Least Concern,Atlantic Forest
Amphibians,Phasmahyla guttata,Yes,Q586921,Least Concern,Atlantic Forest
Amphibians,Phasmahyla jandaia,Yes,Q2704664,Least Concern,"Cerrado, Atlantic Forest"
Amphibians,Phasmahyla lisbella,Yes,Q54811014,Data Deficient,Atlantic Forest
Amphibians,Phasmahyla spectabilis,Yes,Q3011561,Near Threatened,Atlantic Forest
Amphibians,Phasmahyla timbo,Yes,Q3011786,Near Threatened,Atlantic Forest
Amphibians,Phrynomedusa appendiculata,Yes,Q2699753,Least Concern,Atlantic Forest
Amphibians,Phrynomedusa bokermanni,Yes,Q2704916,Data Deficient,Atlantic Forest
Amphibians,Phrynomedusa dryade,Yes,Q28801465,Least Concern,Atlantic Forest
Amphibians,Phrynomedusa marginata,Yes,Q2403596,Critically Endangered,Atlantic Forest
Amphibians,Phrynomedusa vanzolinii,Yes,Q2705416,Critically Endangered,Atlantic Forest
Amphibians,Phyllodytes acuminatus,Yes,Q2707133,Least Concern,"Caatinga, Atlantic Forest"
Amphibians,Phyllodytes amadoi,Yes,Q42335619,Data Deficient,Atlantic Forest
Amphibians,Phyllodytes brevirostris,Yes,Q2707898,Near Threatened,"Caatinga, Atlantic Forest"
Amphibians,Phyllodytes edelmoi,Yes,Q2703100,Least Concern,Atlantic Forest
Amphibians,Phyllodytes gyrinaethes,Yes,Q2703095,Near Threatened,"Caatinga, Atlantic Forest"
Amphibians,Phyllodytes kautskyi,Yes,Q2707915,Least Concern,Atlantic Forest
Amphibians,Phyllodytes luteolus,Yes,Q599180,Least Concern,"Caatinga, Atlantic Forest, Coastal-Marine System"
Amphibians,Phyllodytes maculosus,Yes,Q3012924,Least Concern,Atlantic Forest
Amphibians,Phyllodytes megatympanum,Yes,Q28932988,Least Concern,Atlantic Forest
Amphibians,Phyllodytes melanomystax,Yes,Q2703528,Least Concern,Atlantic Forest
Amphibians,Phyllodytes praeceptor,Yes,Q63163516,Least Concern,Atlantic Forest
Amphibians,Phyllodytes punctatus,Yes,Q2708378,Near Threatened,Atlantic Forest
Amphibians,Phyllodytes tuberculosus,Yes,Q2707360,Data Deficient,Atlantic Forest
Amphibians,Phyllodytes wuchereri,Yes,Q2707187,Least Concern,Atlantic Forest
Amphibians,Phyllomedusa bahiana,Yes,Q3012209,Least Concern,"Caatinga, Atlantic Forest"
Amphibians,Phyllomedusa burmeisteri,Yes,Q2705724,Least Concern,Atlantic Forest
Amphibians,Phyllomedusa distincta,Yes,Q2700902,Least Concern,Atlantic Forest
Amphibians,Physalaemus aguirrei,Yes,Q2238869,Least Concern,Atlantic Forest
Amphibians,Physalaemus albifrons,Yes,Q2238415,Least Concern,"Caatinga, Cerrado, Atlantic Forest"
Amphibians,Physalaemus angrensis,Yes,Q4676402,Least Concern,Atlantic Forest
Amphibians,Physalaemus atim,Yes,Q22009348,Least Concern,Cerrado
Amphibians,Physalaemus atlanticus,Yes,Q2239000,Least Concern,Atlantic Forest
Amphibians,Physalaemus barrioi,Yes,Q2239639,Least Concern,Atlantic Forest
Amphibians,Physalaemus bokermanni,Yes,Q2239185,Least Concern,Atlantic Forest
Amphibians,Physalaemus caete,Yes,Q2238785,Near Threatened,Atlantic Forest
Amphibians,Physalaemus camacan,Yes,Q4662374,Least Concern,Atlantic Forest
Amphibians,Physalaemus cicada,Yes,Q2239463,Least Concern,"Caatinga, Cerrado, Atlantic Forest"
Amphibians,Physalaemus crombiei,Yes,Q2238891,Least Concern,Atlantic Forest
Amphibians,Physalaemus deimaticus,Yes,Q2238329,Least Concern,"Cerrado, Atlantic Forest"
Amphibians,Physalaemus erikae,Yes,Q1594812,Least Concern,Atlantic Forest
Amphibians,Physalaemus erythros,Yes,Q2239278,Least Concern,Atlantic Forest
Amphibians,Physalaemus evangelistai,Yes,Q2239675,Least Concern,"Cerrado, Atlantic Forest"
Amphibians,Physalaemus feioi,Yes,Q3381986,Least Concern,Atlantic Forest
Amphibians,Physalaemus insperatus,Yes,Q4678633,Data Deficient,Atlantic Forest
Amphibians,Physalaemus irroratus,Yes,Q6467601,Data Deficient,Atlantic Forest
Amphibians,Physalaemus jordanensis,Yes,Q2238713,Least Concern,Atlantic Forest
Amphibians,Physalaemus kroyeri,Yes,Q2238946,Least Concern,"Caatinga, Cerrado, Atlantic Forest"
Amphibians,Physalaemus lateristriga,Yes,Q3381991,Least Concern,Atlantic Forest
Amphibians,Physalaemus lisei,Yes,Q2238954,Least Concern,"Atlantic Forest, Pampa"
Amphibians,Physalaemus maculiventris,Yes,Q2239117,Least Concern,Atlantic Forest
Amphibians,Physalaemus maximus,Yes,Q966658,Least Concern,Atlantic Forest
Amphibians,Physalaemus moreirae,Yes,Q2239056,Least Concern,Atlantic Forest
Amphibians,Physalaemus nanus,Yes,Q2238922,Least Concern,"Cerrado, Atlantic Forest, Coastal-Marine System"
Amphibians,Physalaemus obtectus,Yes,Q2238264,Least Concern,Atlantic Forest
Amphibians,Physalaemus olfersii,Yes,Q2239603,Least Concern,"Cerrado, Atlantic Forest"
Amphibians,Physalaemus orophilus,Yes,Q3381993,Least Concern,Atlantic Forest
Amphibians,Physalaemus rupestris,Yes,Q2238772,Least Concern,Atlantic Forest
Amphibians,Physalaemus signifer,Yes,Q2239592,Least Concern,Atlantic Forest
Amphibians,Physalaemus soaresi,Yes,Q2239258,Critically Endangered,Atlantic Forest
Amphibians,Physalaemus spiniger,Yes,Q1595166,Least Concern,Atlantic Forest
Amphibians,Phyzelaphryne miriamae,Yes,Q587259,Least Concern,Amazon
Amphibians,Pipa carvalhoi,Yes,Q2709598,Least Concern,"Caatinga, Cerrado, Atlantic Forest"
Amphibians,Pithecopus araguaius,Yes,Q47549058,Least Concern,Cerrado
Amphibians,Pithecopus ayeaye,Yes,Q28925519,Least Concern,"Cerrado, Atlantic Forest"
Amphibians,Pithecopus centralis,Yes,Q952298,Least Concern,Cerrado
Amphibians,Pithecopus megacephalus,Yes,Q2715492,Least Concern,"Caatinga, Cerrado, Atlantic Forest"
Amphibians,Pithecopus nordestinus,Yes,Q28925755,Least Concern,"Caatinga, Cerrado, Atlantic Forest"
Amphibians,Pithecopus oreades,Yes,Q28925762,Least Concern,Cerrado
Amphibians,Pithecopus rohdei,Yes,Q28925868,Least Concern,Atlantic Forest
Amphibians,Pithecopus rusticus,Yes,Q20023662,Critically Endangered,Atlantic Forest
Amphibians,Pleurodema alium,Yes,Q3392390,Least Concern,"Caatinga, Cerrado"
Amphibians,Pleurodema diplolister,Yes,Q2210007,Least Concern,"Caatinga, Cerrado, Atlantic Forest"
Amphibians,Pristimantis latro,Yes,Q34922456,Least Concern,Amazon
Amphibians,Pristimantis paulodutrai,Yes,Q10808560,Least Concern,"Caatinga, Atlantic Forest"
Amphibians,Pristimantis ramagii,Yes,Q10808561,Least Concern,"Caatinga, Atlantic Forest"
Amphibians,Pristimantis vinhai,Yes,Q10808566,Least Concern,Atlantic Forest
Amphibians,Proceratophrys appendiculata,Yes,Q924784,Least Concern,Atlantic Forest
Amphibians,Proceratophrys ararype,No,NA,Critically Endangered,Caatinga
Amphibians,Proceratophrys bagnoi,Yes,Q15401925,Data Deficient,Cerrado
Amphibians,Proceratophrys belzebul,Yes,Q14947413,Least Concern,Atlantic Forest
Amphibians,Proceratophrys boiei,Yes,Q533599,Least Concern,Atlantic Forest
Amphibians,Proceratophrys branti,Yes,Q15401927,Least Concern,Cerrado
Amphibians,Proceratophrys brauni,Yes,Q901765,Least Concern,"Cerrado, Atlantic Forest"
Amphibians,Proceratophrys carranca,Yes,Q14947396,Data Deficient,Cerrado
Amphibians,Proceratophrys concavitympanum,Yes,Q2239314,Least Concern,"Amazon, Cerrado"
Amphibians,Proceratophrys cristiceps,Yes,Q2239382,Least Concern,"Caatinga, Cerrado, Atlantic Forest"
Amphibians,Proceratophrys cururu,Yes,Q2239156,Least Concern,Cerrado
Amphibians,Proceratophrys dibernardoi,Yes,Q15401928,Least Concern,Cerrado
Amphibians,Proceratophrys gladius,Yes,Q18619834,Data Deficient,Atlantic Forest
Amphibians,Proceratophrys goyana,Yes,Q2238987,Least Concern,Cerrado
Amphibians,Proceratophrys huntingtoni,Yes,Q3406335,Least Concern,Cerrado
Amphibians,Proceratophrys itamari,Yes,Q18465516,Least Concern,Atlantic Forest
Amphibians,Proceratophrys izecksohni,Yes,Q14947417,Least Concern,Atlantic Forest
Amphibians,Proceratophrys laticeps,Yes,Q2238509,Least Concern,Atlantic Forest
Amphibians,Proceratophrys mantiqueira,Yes,Q18465520,Least Concern,Atlantic Forest
Amphibians,Proceratophrys melanopogon,Yes,Q2699329,Least Concern,Atlantic Forest
Amphibians,Proceratophrys minuta,Yes,Q3406336,Least Concern,Caatinga
Amphibians,Proceratophrys moehringi,Yes,Q2238408,Least Concern,Atlantic Forest
Amphibians,Proceratophrys moratoi,Yes,Q27670321,Least Concern,"Cerrado, Atlantic Forest"
Amphibians,Proceratophrys palustris,Yes,Q542664,Critically Endangered,Atlantic Forest
Amphibians,Proceratophrys paviotii,Yes,Q4682060,Least Concern,Atlantic Forest
Amphibians,Proceratophrys phyllostomus,Yes,Q2238849,Least Concern,Atlantic Forest
Amphibians,Proceratophrys pombali,Yes,Q18620231,Least Concern,Atlantic Forest
Amphibians,Proceratophrys redacta,Yes,Q3406341,Least Concern,Caatinga
Amphibians,Proceratophrys renalis,Yes,Q4684559,Least Concern,"Caatinga, Atlantic Forest"
Amphibians,Proceratophrys rondonae,Yes,Q3406343,Least Concern,Amazon
Amphibians,Proceratophrys rotundipalpebra,Yes,Q15401929,Least Concern,Cerrado
Amphibians,Proceratophrys salvatori,Yes,Q665542,Least Concern,Cerrado
Amphibians,Proceratophrys sanctaritae,Yes,Q3406342,Critically Endangered,Atlantic Forest
Amphibians,Proceratophrys schirchi,Yes,Q2237971,Least Concern,Atlantic Forest
Amphibians,Proceratophrys strussmannae,Yes,Q3406344,Data Deficient,"Amazon, Cerrado"
Amphibians,Proceratophrys subguttata,Yes,Q2239248,Least Concern,Atlantic Forest
Amphibians,Proceratophrys tupinamba,Yes,Q3406346,Least Concern,Atlantic Forest
Amphibians,Proceratophrys vielliardi,Yes,Q3406345,Least Concern,Cerrado
Amphibians,Pseudis bolbodactyla,Yes,Q853548,Least Concern,"Caatinga, Cerrado, Atlantic Forest"
Amphibians,Pseudis cardosoi,Yes,Q853142,Least Concern,Atlantic Forest
Amphibians,Pseudis fusca,Yes,Q850542,Least Concern,Atlantic Forest
Amphibians,Pseudis tocantins,Yes,Q853493,Least Concern,"Amazon, Cerrado"
Amphibians,Pseudopaludicola atragula,Yes,Q18123763,Least Concern,"Cerrado, Atlantic Forest"
Amphibians,Pseudopaludicola canga,Yes,Q2239485,Least Concern,"Amazon, Cerrado"
Amphibians,Pseudopaludicola facureae,Yes,Q17600031,Least Concern,Cerrado
Amphibians,Pseudopaludicola florencei,No,NA,Least Concern,"Caatinga, Atlantic Forest"
Amphibians,Pseudopaludicola giarettai,Yes,Q3409790,Least Concern,Cerrado
Amphibians,Pseudopaludicola hyleaustralis,Yes,Q3409788,Least Concern,Amazon
Amphibians,Pseudopaludicola ibisoroca,Yes,Q28009916,Least Concern,Cerrado
Amphibians,Pseudopaludicola jaredi,Yes,Q28009922,Least Concern,"Caatinga, Cerrado, Atlantic Forest"
Amphibians,Pseudopaludicola mineira,Yes,Q2238858,Least Concern,"Cerrado, Atlantic Forest"
Amphibians,Pseudopaludicola murundu,Yes,Q3409792,Least Concern,"Cerrado, Atlantic Forest"
Amphibians,Pseudopaludicola pocoto,Yes,Q17600039,Least Concern,"Caatinga, Atlantic Forest"
Amphibians,Pseudopaludicola restinga,Yes,Q54877706,Least Concern,Atlantic Forest
Amphibians,Pseudopaludicola saltica,Yes,Q2239770,Least Concern,"Amazon, Cerrado"
Amphibians,Rhinatrema ron,Yes,Q3429346,Least Concern,Amazon
Amphibians,Rhinella casconi,Yes,Q18704502,Critically Endangered,Caatinga
Amphibians,Rhinella cerradensis,Yes,Q4672298,Least Concern,"Cerrado, Atlantic Forest"
Amphibians,Rhinella crucifer,Yes,Q27920422,Least Concern,"Caatinga, Cerrado, Atlantic Forest"
Amphibians,Rhinella granulosa,Yes,Q2212394,Least Concern,"Caatinga, Cerrado, Atlantic Forest"
Amphibians,Rhinella henseli,Yes,Q3429369,Least Concern,"Atlantic Forest, Pampa"
Amphibians,Rhinella hoogmoedi,Yes,Q4672342,Least Concern,Atlantic Forest
Amphibians,Rhinella inopina,Yes,Q3429371,Least Concern,Cerrado
Amphibians,Rhinella magnussoni,Yes,Q4676934,Least Concern,Amazon
Amphibians,Rhinella ocellata,Yes,Q28031865,Least Concern,"Amazon, Cerrado"
Amphibians,Rhinella pygmaea,Yes,Q27987083,Least Concern,Atlantic Forest
Amphibians,Rhinella rubescens,Yes,Q27987937,Least Concern,"Caatinga, Cerrado, Atlantic Forest"
Amphibians,Rhinella veredas,Yes,Q4672472,Least Concern,Cerrado
Amphibians,Rupirana cardosoi,Yes,Q1594428,Least Concern,Caatinga
Amphibians,Ololygon agilis,Yes,Q136366,Least Concern,Atlantic Forest
Amphibians,Ololygon albicans,Yes,Q136521,Least Concern,Atlantic Forest
Amphibians,Ololygon alcatraz,Yes,Q135208,Vulnerable,NA
Amphibians,Scinax alter,Yes,Q136550,Least Concern,"Atlantic Forest, Coastal-Marine System"
Amphibians,Ololygon angrensis,Yes,Q136339,Least Concern,Atlantic Forest
Amphibians,Ololygon arduoa,Yes,Q136314,Least Concern,Atlantic Forest
Amphibians,Ololygon argyreornata,Yes,Q137676,Least Concern,Atlantic Forest
Amphibians,Ololygon ariadne,Yes,Q137653,Least Concern,Atlantic Forest
Amphibians,Ololygon atrata,Yes,Q917966,Least Concern,Atlantic Forest
Amphibians,Scinax auratus,Yes,Q264635,Least Concern,"Caatinga, Atlantic Forest"
Amphibians,Ololygon belloni,Yes,Q3475826,Near Threatened,Atlantic Forest
Amphibians,Ololygon brieni,Yes,Q920372,Least Concern,Atlantic Forest
Amphibians,Scinax cabralensis,Yes,Q826577,Near Threatened,Cerrado
Amphibians,Ololygon caissara,Yes,Q27995962,Least Concern,Atlantic Forest
Amphibians,Scinax caldarum,Yes,Q920411,Least Concern,Atlantic Forest
Amphibians,Julianus camposseabrai,Yes,Q1286415,Least Concern,"Caatinga, Atlantic Forest"
Amphibians,Ololygon canastrensis,Yes,Q918015,Least Concern,"Cerrado, Atlantic Forest"
Amphibians,Ololygon cardosoi,Yes,Q370318,Least Concern,Atlantic Forest
Amphibians,Ololygon carnevallii,Yes,Q919839,Least Concern,"Cerrado, Atlantic Forest"
Amphibians,Ololygon catharinae,Yes,Q917952,Least Concern,"Caatinga, Cerrado, Atlantic Forest, Coastal-Marine System"
Amphibians,Ololygon centralis,Yes,Q727776,Least Concern,Cerrado
Amphibians,Scinax constrictus,Yes,Q139835,Least Concern,"Cerrado, Atlantic Forest, Pantanal"
Amphibians,Ololygon cosenzai,Yes,Q3475829,Least Concern,Atlantic Forest
Amphibians,Scinax cretatus,Yes,Q3475828,Least Concern,"Caatinga, Atlantic Forest"
Amphibians,Scinax crospedospilus,Yes,Q918032,Least Concern,Atlantic Forest
Amphibians,Scinax curicica,Yes,Q736645,Least Concern,"Cerrado, Atlantic Forest"
Amphibians,Scinax cuspidatus,Yes,Q583611,Least Concern,Atlantic Forest
Amphibians,Scinax dolloi,Yes,Q4675342,Least Concern,Atlantic Forest
Amphibians,Scinax duartei,Yes,Q919687,Least Concern,Atlantic Forest
Amphibians,Scinax eurydice,Yes,Q28184,Least Concern,"Caatinga, Cerrado, Atlantic Forest"
Amphibians,Ololygon faivovichi,Yes,Q3020971,Vulnerable,Coastal-Marine System
Amphibians,Ololygon flavoguttata,Yes,Q28188,Least Concern,Atlantic Forest
Amphibians,Ololygon goya,No,NA,Data Deficient,Cerrado
Amphibians,Scinax haddadorum,Yes,Q25383790,Data Deficient,Cerrado
Amphibians,Scinax hayii,Yes,Q597061,Least Concern,"Cerrado, Atlantic Forest"
Amphibians,Ololygon heyeri,Yes,Q1746612,Least Concern,Atlantic Forest
Amphibians,Ololygon hiemalis,Yes,Q1746599,Least Concern,"Cerrado, Atlantic Forest"
Amphibians,Ololygon humilis,Yes,Q1746618,Least Concern,Atlantic Forest
Amphibians,Scinax imbegue,Yes,Q3475833,Least Concern,Atlantic Forest
Amphibians,Ololygon insperata,Yes,Q3475832,Data Deficient,Atlantic Forest
Amphibians,Scinax juncae,Yes,Q2260284,Least Concern,Atlantic Forest
Amphibians,Ololygon jureia,Yes,Q2031776,Least Concern,Atlantic Forest
Amphibians,Ololygon kautskyi,Yes,Q2031734,Least Concern,Atlantic Forest
Amphibians,Ololygon littoralis,Yes,Q140179,Least Concern,Atlantic Forest
Amphibians,Ololygon littorea,Yes,Q2031792,Least Concern,Atlantic Forest
Amphibians,Ololygon longilinea,Yes,Q541957,Least Concern,"Cerrado, Atlantic Forest"
Amphibians,Ololygon luizotavioi,Yes,Q2032063,Least Concern,Atlantic Forest
Amphibians,Ololygon machadoi,Yes,Q2032042,Least Concern,"Cerrado, Atlantic Forest"
Amphibians,Scinax maracaya,Yes,Q2707194,Least Concern,"Cerrado, Atlantic Forest"
Amphibians,Ololygon melanodactyla,Yes,Q20061179,Least Concern,Atlantic Forest
Amphibians,Ololygon melloi,Yes,Q2705395,Least Concern,Atlantic Forest
Amphibians,Scinax montivagus,Yes,Q22009549,Least Concern,Caatinga
Amphibians,Ololygon muricensis,Yes,Q3475837,Critically Endangered,Atlantic Forest
Amphibians,Ololygon obtriangulata,Yes,Q2703982,Least Concern,Atlantic Forest
Amphibians,Scinax onca,Yes,Q41766241,Least Concern,"Amazon, Cerrado"
Amphibians,Scinax pachycrus,Yes,Q2705366,Least Concern,"Caatinga, Atlantic Forest"
Amphibians,Ololygon peixotoi,Yes,Q148791,Critically Endangered,NA
Amphibians,Ololygon perpusilla,Yes,Q2704570,Least Concern,Atlantic Forest
Amphibians,Julianus pinimus,Yes,Q2706313,Vulnerable,Cerrado
Amphibians,Ololygon pombali,Yes,Q18483964,Data Deficient,Cerrado
Amphibians,Ololygon ranki,Yes,Q2706821,Least Concern,Atlantic Forest
Amphibians,Ololygon rizibilis,Yes,Q2704087,Least Concern,"Cerrado, Atlantic Forest"
Amphibians,Scinax rogerioi,Yes,Q3475840,Least Concern,"Cerrado, Atlantic Forest"
Amphibians,Scinax rossaferesae,Yes,Q27869384,Least Concern,"Cerrado, Atlantic Forest"
Amphibians,Scinax rupestris,Yes,Q19869228,Least Concern,Cerrado
Amphibians,Scinax sateremawe,Yes,Q19885867,Least Concern,Amazon
Amphibians,Ololygon skaios,Yes,Q3475841,Least Concern,Cerrado
Amphibians,Ololygon skuki,Yes,Q133448250,Data Deficient,Atlantic Forest
Amphibians,Ololygon strigilata,Yes,Q2706750,Least Concern,"Caatinga, Atlantic Forest"
Amphibians,Scinax tigrinus,Yes,Q3475842,Least Concern,Cerrado
Amphibians,Ololygon trapicheiroi,Yes,Q2704655,Least Concern,Atlantic Forest
Amphibians,Ololygon tripui,Yes,Q1281843,Least Concern,Atlantic Forest
Amphibians,Ololygon tupinamba,Yes,Q3022969,Least Concern,Atlantic Forest
Amphibians,Scinax tymbamirim,Yes,Q3475843,Least Concern,"Atlantic Forest, Pampa"
Amphibians,Ololygon v-signata,Yes,Q2705654,Least Concern,Atlantic Forest
Amphibians,Scinax villasboasi,Yes,Q18483977,Least Concern,Amazon
Amphibians,Scythrophrys sawayae,Yes,Q1594227,Least Concern,Atlantic Forest
Amphibians,Siphonops hardyi,Yes,Q288090,Least Concern,Atlantic Forest
Amphibians,Siphonops leucoderus,Yes,Q2237439,Data Deficient,Atlantic Forest
Amphibians,Sphaenorhynchus botocudo,Yes,Q3493088,Data Deficient,Atlantic Forest
Amphibians,Sphaenorhynchus bromelicola,Yes,Q2711520,Endangered,"Caatinga, Atlantic Forest"
Amphibians,Sphaenorhynchus cammaeus,Yes,Q33494544,Critically Endangered,Atlantic Forest
Amphibians,Sphaenorhynchus canga,Yes,Q22009706,Critically Endangered,Atlantic Forest
Amphibians,Sphaenorhynchus caramaschii,Yes,Q4677428,Least Concern,"Cerrado, Atlantic Forest, Coastal-Marine System"
Amphibians,Sphaenorhynchus mirim,Yes,Q3493091,Least Concern,Atlantic Forest
Amphibians,Sphaenorhynchus palustris,Yes,Q2712075,Least Concern,Atlantic Forest
Amphibians,Sphaenorhynchus planicola,Yes,Q2714193,Least Concern,Atlantic Forest
Amphibians,Sphaenorhynchus platycephalus,Yes,Q2714187,Least Concern,Atlantic Forest
Amphibians,Sphaenorhynchus prasinus,Yes,Q2711858,Least Concern,Atlantic Forest
Amphibians,Sphaenorhynchus surdus,Yes,Q2712832,Least Concern,Atlantic Forest
Amphibians,Stefania neblinae,Yes,Q3497928,Least Concern,Amazon
Amphibians,Stereocyclops histrio,Yes,Q28053361,Least Concern,Atlantic Forest
Amphibians,Stereocyclops incrassatus,Yes,Q2211380,Least Concern,"Caatinga, Atlantic Forest"
Amphibians,Stereocyclops palmipes,Yes,Q3498748,Data Deficient,Atlantic Forest
Amphibians,Stereocyclops parkeri,Yes,Q2210928,Least Concern,Atlantic Forest
Amphibians,Thoropa lutzi,Yes,Q2210784,Critically Endangered,Atlantic Forest
Amphibians,Thoropa megatympanum,Yes,Q2210255,Least Concern,"Cerrado, Atlantic Forest"
Amphibians,Thoropa miliaris,Yes,Q969608,Least Concern,"Cerrado, Atlantic Forest, Coastal-Marine System"
Amphibians,Thoropa petropolitana,Yes,Q2210999,Critically Endangered,Atlantic Forest
Amphibians,Thoropa saxatilis,Yes,Q2210528,Least Concern,Atlantic Forest
Amphibians,Thoropa taophora,Yes,Q4672251,Least Concern,Atlantic Forest
Amphibians,Trachycephalus atlas,Yes,Q2703549,Least Concern,"Caatinga, Cerrado, Atlantic Forest"
Amphibians,Trachycephalus dibernardoi,Yes,Q4677717,Least Concern,Atlantic Forest
Amphibians,Trachycephalus helioi,Yes,Q18465650,Least Concern,Amazon
Amphibians,Trachycephalus lepidus,Yes,Q2707146,Least Concern,Atlantic Forest
Amphibians,Trachycephalus mambaiensis,Yes,Q4678625,Least Concern,Cerrado
Amphibians,Trachycephalus mesophaeus,Yes,Q763697,Least Concern,"Caatinga, Cerrado, Atlantic Forest, Pampa"
Amphibians,Trachycephalus nigromaculatus,Yes,Q2703665,Least Concern,"Caatinga, Cerrado, Atlantic Forest, Coastal-Marine System"
Amphibians,Vitreorana baliomma,Yes,Q18061079,Least Concern,Atlantic Forest
Amphibians,Vitreorana eurygnatha,Yes,Q28047470,Least Concern,Atlantic Forest
Amphibians,Vitreorana franciscana,Yes,Q22009878,Least Concern,Cerrado
Amphibians,Vitreorana parvula,Yes,Q20085737,Least Concern,Atlantic Forest
Amphibians,Xenohyla eugenioi,Yes,Q2715544,Least Concern,"Caatinga, Cerrado, Atlantic Forest"
Amphibians,Xenohyla truncata,Yes,Q2704233,Vulnerable,Atlantic Forest
Birds,Acrobatornis fonsecai,Yes,Q481985,Vulnerable,Atlantic Forest
Birds,Agelaioides fringillarius,Yes,Q18416168,Least Concern,"Caatinga, Cerrado, Atlantic Forest"
Birds,Agelasticus atroolivaceus,No,NA,Least Concern,"Amazon, Caatinga, Cerrado, Atlantic Forest"
Birds,Amadonastur lacernulatus,Yes,Q780340,Vulnerable,"Caatinga, Cerrado, Atlantic Forest"
Birds,Amazona brasiliensis,Yes,Q906508,Near Threatened,Atlantic Forest
Birds,Amazona kawalli,Yes,Q1274648,Least Concern,Amazon
Birds,Amazona rhodocorytha,Yes,Q906468,Vulnerable,Atlantic Forest
Birds,Anabazenops fuscus,Yes,Q618567,Least Concern,Atlantic Forest
Birds,Anodorhynchus leari,Yes,Q838955,Vulnerable,Caatinga
Birds,Anopetia gounellei,Yes,Q518531,Least Concern,"Caatinga, Cerrado, Atlantic Forest"
Birds,Antilophia bokermanni,Yes,Q289473,Endangered,Caatinga
Birds,Anumara forbesi,Yes,Q123746939,Vulnerable,"Caatinga, Cerrado, Atlantic Forest"
Birds,Aramides mangle,Yes,Q1259592,Least Concern,"Amazon, Caatinga, Cerrado, Atlantic Forest"
Birds,Aratinga auricapillus,Yes,Q303744,Least Concern,"Caatinga, Cerrado, Atlantic Forest"
Birds,Aratinga jandaya,Yes,Q1271679,Least Concern,"Amazon, Caatinga, Cerrado, Atlantic Forest"
Birds,Arremon flavirostris,Yes,Q1588810,Least Concern,"Cerrado, Atlantic Forest"
Birds,Arremon franciscanus,Yes,Q148735,Near Threatened,"Caatinga, Cerrado, Atlantic Forest"
Birds,Arremon semitorquatus,Yes,Q2668274,Least Concern,"Cerrado, Atlantic Forest"
Birds,Asthenes luizae,Yes,Q1265831,Endangered,"Cerrado, Atlantic Forest"
Birds,Asthenes moreirae,Yes,Q1274371,Least Concern,Atlantic Forest
Birds,Attila rufus,Yes,Q780888,Least Concern,"Atlantic Forest, Coastal-Marine System"
Birds,Augastes lumachella,Yes,Q1267453,Vulnerable,Caatinga
Birds,Augastes scutatus,Yes,Q1039427,Least Concern,"Caatinga, Cerrado, Atlantic Forest"
Birds,Automolus lammi,Yes,Q1273293,Endangered,Atlantic Forest
Birds,Automolus paraensis,Yes,Q10736349,Least Concern,Amazon
Birds,Brotogeris tirica,Yes,Q1086851,Least Concern,"Caatinga, Cerrado, Atlantic Forest"
Birds,Calyptura cristata,Yes,Q74625,Critically Endangered,Atlantic Forest
Birds,Campylopterus calcirupicola,Yes,Q57507936,Vulnerable,"Caatinga, Cerrado"
Birds,Campylopterus diamantinensis,Yes,Q110257384,Data Deficient,"Cerrado, Atlantic Forest"
Birds,Campylorhamphus cardosoi,No,NA,Vulnerable,Amazon
Birds,Campylorhamphus gyldenstolpei,No,NA,Least Concern,Amazon
Birds,Campylorhamphus multostriatus,Yes,Q31874615,Vulnerable,Amazon
Birds,Campylorhamphus probatus,Yes,Q31874601,Least Concern,Amazon
Birds,Cantorchilus griseus,Yes,Q622980,Least Concern,Amazon
Birds,Cantorchilus longirostris,Yes,Q625446,Least Concern,"Caatinga, Cerrado, Atlantic Forest"
Birds,Capito brunneipectus,Yes,Q204074,Near Threatened,Amazon
Birds,Carpornis cucullata,Yes,Q1259040,Least Concern,"Atlantic Forest, Pampa"
Birds,Carpornis melanocephala,Yes,Q2223798,Near Threatened,"Atlantic Forest, Coastal-Marine System"
Birds,Caryothraustes brasiliensis,No,NA,Least Concern,"Caatinga, Atlantic Forest"
Birds,Casiornis fuscus,Yes,Q1260760,Least Concern,"Amazon, Caatinga, Cerrado, Atlantic Forest, Pantanal"
Birds,Castanozoster thoracicus,Yes,Q28872007,Least Concern,Atlantic Forest
Birds,Celeus obrieni,Yes,Q938004,Vulnerable,"Amazon, Cerrado"
Birds,Celeus ochraceus,Yes,Q15729246,Least Concern,"Amazon, Caatinga, Cerrado, Atlantic Forest"
Birds,Cercomacra brasiliana,Yes,Q1270869,Least Concern,Atlantic Forest
Birds,Cercomacra ferdinandi,Yes,Q1267222,Near Threatened,"Amazon, Cerrado"
Birds,Chamaeza meruloides,Yes,Q859954,Least Concern,"Cerrado, Atlantic Forest"
Birds,Cichlocolaptes leucophrus,Yes,Q616230,Least Concern,Atlantic Forest
Birds,Cinclodes espinhacensis,Yes,Q21247371,Endangered,Cerrado
Birds,Cinclodes pabsti,Yes,Q1269639,Near Threatened,Atlantic Forest
Birds,Clytoctantes atrogularis,Yes,Q1263952,Vulnerable,Amazon
Birds,Columbina cyanopis,Yes,Q882374,Critically Endangered,"Cerrado, Atlantic Forest"
Birds,Compsothraupis loricata,Yes,Q868620,Least Concern,"Amazon, Caatinga, Cerrado, Atlantic Forest"
Birds,Conopophaga cearae,Yes,Q15873782,Endangered,"Caatinga, Atlantic Forest"
Birds,Conopophaga melanops,Yes,Q686477,Least Concern,"Caatinga, Cerrado, Atlantic Forest"
Birds,Conopophaga roberti,Yes,Q339287,Least Concern,"Amazon, Caatinga, Cerrado"
Birds,Conothraupis mesoleuca,Yes,Q998530,Endangered,"Amazon, Cerrado"
Birds,Cotinga maculata,Yes,Q1086548,Endangered,"Atlantic Forest, Coastal-Marine System"
Birds,Cranioleuca muelleri,Yes,Q612193,Near Threatened,Amazon
Birds,Cranioleuca pallida,Yes,Q869489,Least Concern,"Cerrado, Atlantic Forest"
Birds,Cranioleuca semicinerea,Yes,Q555736,Least Concern,"Caatinga, Cerrado, Atlantic Forest"
Birds,Crax blumenbachii,Yes,Q685738,Endangered,Atlantic Forest
Birds,Crypturellus noctivagus,Yes,Q1270229,Least Concern,"Atlantic Forest, Pampa, Coastal-Marine System"
Birds,Crypturellus zabele,No,NA,Vulnerable,"Caatinga, Cerrado, Atlantic Forest"
Birds,Cyanocorax cyanopogon,Yes,Q2667854,Least Concern,"Amazon, Caatinga, Cerrado, Atlantic Forest"
Birds,Cyanocorax hafferi,Yes,Q14948017,Vulnerable,Amazon
Birds,Cyanopsitta spixii,Yes,Q743214,Critically Endangered,Caatinga
Birds,Cyphorhinus griseolateralis,No,NA,Vulnerable,Amazon
Birds,Cyphorhinus interpositus,No,NA,Near Threatened,Amazon
Birds,Dacnis nigripes,Yes,Q3011656,Least Concern,Atlantic Forest
Birds,Dendrocincla taunayi,No,NA,Endangered,"Caatinga, Atlantic Forest"
Birds,Dendrocolaptes hoffmannsi,Yes,Q1259105,Least Concern,Amazon
Birds,Dendrocolaptes medius,No,NA,Vulnerable,"Amazon, Atlantic Forest, Coastal-Marine System"
Birds,Dendrocolaptes retentus,No,NA,Vulnerable,"Amazon, Cerrado"
Birds,Dendrocolaptes ridgwayi,No,NA,Near Threatened,"Amazon, Cerrado"
Birds,Dendrocolaptes transfasciatus,No,NA,Vulnerable,Amazon
Birds,Drymophila ferruginea,Yes,Q113125,Least Concern,"Cerrado, Atlantic Forest"
Birds,Drymophila genei,Yes,Q1266023,Least Concern,Atlantic Forest
Birds,Drymophila ochropyga,Yes,Q1261312,Least Concern,"Caatinga, Cerrado, Atlantic Forest"
Birds,Drymophila squamata,Yes,Q1267703,Least Concern,"Atlantic Forest, Coastal-Marine System"
Birds,Dysithamnus plumbeus,Yes,Q1272762,Endangered,Atlantic Forest
Birds,Dysithamnus xanthopterus,Yes,Q1271721,Least Concern,Atlantic Forest
Birds,Elaenia ridleyana,Yes,Q930635,Vulnerable,"Atlantic Forest, Coastal-Marine System"
Birds,Eleoscytalopus indigoticus,Yes,Q1270151,Least Concern,"Cerrado, Atlantic Forest"
Birds,Eleoscytalopus psychopompus,Yes,Q788603,Endangered,Atlantic Forest
Birds,Embernagra longicauda,Yes,Q2668626,Least Concern,"Caatinga, Cerrado, Atlantic Forest"
Birds,Epinecrophylla dentei,Yes,Q19905021,Vulnerable,Amazon
Birds,Eupsittula cactorum,Yes,Q27074969,Least Concern,"Caatinga, Cerrado, Atlantic Forest"
Birds,Formicivora acutirostris,Yes,Q28919214,Vulnerable,Atlantic Forest
Birds,Formicivora erythronotos,Yes,Q1270973,Critically Endangered,Atlantic Forest
Birds,Formicivora grantsaui,Yes,Q1262358,Vulnerable,Caatinga
Birds,Formicivora iheringi,Yes,Q1262083,Vulnerable,"Caatinga, Cerrado, Atlantic Forest"
Birds,Formicivora littoralis,Yes,Q1254087,Endangered,"Atlantic Forest, Coastal-Marine System"
Birds,Formicivora paludicola,Yes,Q16089868,Critically Endangered,Atlantic Forest
Birds,Formicivora serrana,Yes,Q1264746,Least Concern,"Cerrado, Atlantic Forest"
Birds,Furnarius figulus,Yes,Q1263101,Least Concern,"Amazon, Caatinga, Cerrado, Atlantic Forest"
Birds,Glaucis dohrnii,Yes,Q263820,Vulnerable,Atlantic Forest
Birds,Guaruba guarouba,Yes,Q775300,Vulnerable,"Amazon, Cerrado"
Birds,Heliodoxa rubricauda,Yes,Q868051,Least Concern,Atlantic Forest
Birds,Hemithraupis ruficapilla,Yes,Q623428,Least Concern,"Caatinga, Cerrado, Atlantic Forest"
Birds,Hemitriccus furcatus,Yes,Q915434,Least Concern,Atlantic Forest
Birds,Hemitriccus kaempferi,Yes,Q632038,Vulnerable,Atlantic Forest
Birds,Hemitriccus mirandae,Yes,Q1262880,Endangered,"Caatinga, Atlantic Forest"
Birds,Hemitriccus nidipendulus,Yes,Q1267205,Least Concern,"Caatinga, Cerrado, Atlantic Forest"
Birds,Hemitriccus orbitatus,Yes,Q1263854,Least Concern,"Cerrado, Atlantic Forest, Pampa"
Birds,Herpsilochmus pectoralis,Yes,Q1035712,Least Concern,"Amazon, Caatinga, Cerrado, Atlantic Forest"
Birds,Herpsilochmus pileatus,Yes,Q1272989,Near Threatened,Atlantic Forest
Birds,Herpsilochmus praedictus,Yes,Q15707874,Least Concern,Amazon
Birds,Herpsilochmus stotzi,Yes,Q15707876,Near Threatened,Amazon
Birds,Hylopezus ochroleucus,Yes,Q627142,Vulnerable,"Caatinga, Cerrado, Atlantic Forest"
Birds,Hylopezus paraensis,Yes,Q17560884,Vulnerable,Amazon
Birds,Hylopezus whittakeri,Yes,Q10770231,Vulnerable,Amazon
Birds,Hypocnemis rondoni,Yes,Q15707879,Near Threatened,Amazon
Birds,Hypocnemis striata,Yes,Q1265299,Vulnerable,"Amazon, Cerrado"
Birds,Icterus jamacaii,Yes,Q1300667,Least Concern,"Amazon, Caatinga, Cerrado, Atlantic Forest"
Birds,Ilicura militaris,Yes,Q929200,Least Concern,"Cerrado, Atlantic Forest"
Birds,Iodopleura pipra,Yes,Q63881,Least Concern,"Atlantic Forest, Coastal-Marine System"
Birds,Jacamaralcyon tridactyla,Yes,Q1272616,Least Concern,"Cerrado, Atlantic Forest"
Birds,Knipolegus franciscanus,Yes,Q612019,Vulnerable,"Caatinga, Cerrado"
Birds,Knipolegus nigerrimus,Yes,Q1269863,Least Concern,"Caatinga, Cerrado, Atlantic Forest"
Birds,Laniisoma elegans,Yes,Q600916,Endangered,"Cerrado, Atlantic Forest"
Birds,Lepidocolaptes layardi,No,NA,Least Concern,"Amazon, Cerrado"
Birds,Lepidocolaptes squamatus,Yes,Q1268825,Least Concern,Atlantic Forest
Birds,Lepidocolaptes wagleri,Yes,Q107970799,Least Concern,"Caatinga, Cerrado"
Birds,Lepidothrix iris,Yes,Q1308712,Endangered,Amazon
Birds,Lepidothrix vilasboasi,Yes,Q906552,Endangered,Amazon
Birds,Leptasthenura striolata,Yes,Q1266888,Least Concern,Atlantic Forest
Birds,Leptodon forbesi,Yes,Q1260180,Endangered,"Caatinga, Atlantic Forest"
Birds,Lipaugus ater,Yes,Q28921005,Least Concern,Atlantic Forest
Birds,Lipaugus conditus,Yes,Q1921551,Vulnerable,Atlantic Forest
Birds,Lipaugus lanioides,Yes,Q1307606,Near Threatened,"Cerrado, Atlantic Forest"
Birds,Lophornis magnificus,Yes,Q27074777,Least Concern,Atlantic Forest
Birds,Machaeropterus regulus,Yes,Q74225,Least Concern,Atlantic Forest
Birds,Malacoptila minor,No,NA,Vulnerable,"Amazon, Caatinga, Cerrado"
Birds,Malacoptila striata,Yes,Q526204,Least Concern,"Cerrado, Atlantic Forest"
Birds,Megascops ater,No,NA,Least Concern,Amazon
Birds,Megascops stangiae,Yes,Q110266065,Least Concern,Amazon
Birds,Megaxenops parnaguae,Yes,Q1038217,Near Threatened,"Caatinga, Cerrado, Atlantic Forest"
Birds,Merulaxis ater,Yes,Q1267757,Least Concern,Atlantic Forest
Birds,Merulaxis stresemanni,Yes,Q1272488,Critically Endangered,Atlantic Forest
Birds,Microspingus cinereus,Yes,Q28871834,Least Concern,"Cerrado, Atlantic Forest"
Birds,Microspingus lateralis,Yes,Q28871876,Least Concern,"Cerrado, Atlantic Forest"
Birds,Myiothlypis leucophrys,Yes,Q27075944,Least Concern,"Amazon, Cerrado, Atlantic Forest, Pantanal"
Birds,Myrmelastes rufifacies,Yes,Q28910247,Least Concern,Amazon
Birds,Myrmoborus lugubris,Yes,Q1268056,Least Concern,Amazon
Birds,Myrmoborus stictopterus,Yes,Q109231987,Least Concern,Amazon
Birds,Myrmoderus loricatus,Yes,Q555761,Least Concern,"Caatinga, Cerrado, Atlantic Forest"
Birds,Myrmoderus ruficauda,Yes,Q28864172,Endangered,"Caatinga, Atlantic Forest"
Birds,Myrmoderus squamosus,Yes,Q559139,Least Concern,"Cerrado, Atlantic Forest"
Birds,Myrmothera subcanescens,Yes,Q56547724,Least Concern,Amazon
Birds,Myrmotherula fluminensis,Yes,Q120264,Critically Endangered,Atlantic Forest
Birds,Myrmotherula iheringi,Yes,Q1259472,Least Concern,Amazon
Birds,Myrmotherula klagesi,Yes,Q1273493,Least Concern,Amazon
Birds,Myrmotherula minor,Yes,Q1269813,Vulnerable,Atlantic Forest
Birds,Myrmotherula snowi,Yes,Q1266069,Critically Endangered,"Caatinga, Atlantic Forest"
Birds,Myrmotherula unicolor,Yes,Q1038577,Least Concern,Atlantic Forest
Birds,Myrmotherula urosticta,Yes,Q1262969,Vulnerable,Atlantic Forest
Birds,Nemosia rourei,Yes,Q1300418,Critically Endangered,Atlantic Forest
Birds,Neomorphus squamiger,Yes,Q531858,Vulnerable,Amazon
Birds,Neopelma aurifrons,Yes,Q775476,Endangered,"Caatinga, Cerrado, Atlantic Forest"
Birds,Neopelma chrysolophum,Yes,Q569847,Least Concern,Atlantic Forest
Birds,Nonnula amaurocephala,Yes,Q1270689,Least Concern,Amazon
Birds,Nyctibius leucopterus,Yes,Q1262312,Critically Endangered,"Amazon, Atlantic Forest"
Birds,Nyctidromus hirundinaceus,Yes,Q27074752,Least Concern,"Caatinga, Cerrado, Atlantic Forest"
Birds,Nyctiprogne vielliardi,Yes,Q528334,Near Threatened,"Caatinga, Cerrado"
Birds,Nystalus maculatus,Yes,Q1268455,Least Concern,"Amazon, Caatinga, Cerrado, Atlantic Forest, Pantanal"
Birds,Nystalus torridus,Yes,Q21304128,Near Threatened,"Amazon, Cerrado"
Birds,Onychorhynchus swainsoni,Yes,Q25686505,Vulnerable,Atlantic Forest
Birds,Orchesticus abeillei,Yes,Q508261,Least Concern,"Cerrado, Atlantic Forest"
Birds,Ortalis araucuan,Yes,Q3356701,Least Concern,"Caatinga, Cerrado, Atlantic Forest"
Birds,Ortalis remota,Yes,Q123468700,Critically Endangered,"Cerrado, Atlantic Forest"
Birds,Ortalis ruficeps,Yes,Q3377370,Least Concern,Amazon
Birds,Ortalis squamata,Yes,Q3356705,Least Concern,"Atlantic Forest, Pampa"
Birds,Ortalis superciliaris,Yes,Q1268404,Least Concern,"Amazon, Caatinga, Cerrado"
Birds,Orthogonys chloricterus,Yes,Q278819,Least Concern,Atlantic Forest
Birds,Paroaria baeri,Yes,Q2668137,Least Concern,"Amazon, Cerrado"
Birds,Paroaria dominicana,Yes,Q2668576,Least Concern,"Amazon, Caatinga, Cerrado, Atlantic Forest"
Birds,Paroaria xinguensis,No,NA,Least Concern,"Amazon, Cerrado"
Birds,Pauxi mitu,Yes,Q545554,Extinct in the Wild,Atlantic Forest
Birds,Penelope jacucaca,Yes,Q1078237,Vulnerable,"Caatinga, Cerrado, Atlantic Forest"
Birds,Penelope ochrogaster,Yes,Q256552,Near Threatened,"Amazon, Caatinga, Cerrado, Pantanal"
Birds,Penelope pileata,Yes,Q1259727,Vulnerable,Amazon
Birds,Percnostola subcristata,Yes,Q97573402,Least Concern,Amazon
Birds,Phacellodomus erythrophthalmus,Yes,Q1273734,Least Concern,"Cerrado, Atlantic Forest"
Birds,Phaethornis aethopygus,Yes,Q27074773,Vulnerable,Amazon
Birds,Phaethornis idaliae,Yes,Q1270116,Least Concern,Atlantic Forest
Birds,Phaethornis major,Yes,Q81080306,Vulnerable,Amazon
Birds,Phaethornis maranhaoensis,No,NA,Least Concern,"Amazon, Caatinga, Cerrado"
Birds,Phaethornis margarettae,No,NA,Endangered,"Caatinga, Atlantic Forest"
Birds,Phaethornis squalidus,Yes,Q1267371,Least Concern,Atlantic Forest
Birds,Phlegopsis borbae,Yes,Q97400282,Vulnerable,Amazon
Birds,Phyllomyias griseocapilla,Yes,Q1267324,Least Concern,Atlantic Forest
Birds,Phylloscartes beckeri,Yes,Q737229,Endangered,"Caatinga, Atlantic Forest"
Birds,Phylloscartes ceciliae,Yes,Q575647,Endangered,Atlantic Forest
Birds,Phylloscartes difficilis,Yes,Q676270,Least Concern,Atlantic Forest
Birds,Phylloscartes kronei,Yes,Q1259930,Least Concern,"Atlantic Forest, Pampa"
Birds,Phylloscartes oustaleti,Yes,Q1268422,Least Concern,Atlantic Forest
Birds,Phylloscartes roquettei,Yes,Q903114,Endangered,"Caatinga, Cerrado, Atlantic Forest"
Birds,Piculus paraensis,Yes,Q97167649,Vulnerable,"Amazon, Cerrado"
Birds,Piculus polyzonus,Yes,Q97167664,Endangered,Atlantic Forest
Birds,Picumnus exilis,Yes,Q1271295,Least Concern,Atlantic Forest
Birds,Picumnus limae,Yes,Q1270324,Least Concern,"Caatinga, Atlantic Forest"
Birds,Picumnus pernambucensis,No,NA,Least Concern,"Caatinga, Atlantic Forest"
Birds,Picumnus pygmaeus,Yes,Q1263909,Least Concern,"Amazon, Caatinga, Cerrado, Atlantic Forest"
Birds,Picumnus varzeae,Yes,Q1266954,Data Deficient,Amazon
Birds,Pionus reichenowi,Yes,Q18418078,Vulnerable,Atlantic Forest
Birds,Poecilotriccus senex,Yes,Q1271121,Least Concern,Amazon
Birds,Polioptila atricapilla,No,NA,Least Concern,"Caatinga, Cerrado, Atlantic Forest"
Birds,Polioptila attenboroughi,Yes,Q18560082,Least Concern,Amazon
Birds,Polystictus superciliaris,Yes,Q1274686,Least Concern,"Caatinga, Cerrado, Atlantic Forest"
Birds,Pseudoseisura cristata,Yes,Q606661,Least Concern,"Caatinga, Cerrado, Atlantic Forest"
Birds,Psophia dextralis,Yes,Q31873735,Vulnerable,"Amazon, Cerrado"
Birds,Psophia interjecta,Yes,Q111917565,Endangered,Amazon
Birds,Psophia obscura,Yes,Q21325139,Critically Endangered,Amazon
Birds,Psophia ochroptera,Yes,Q31873736,Least Concern,Amazon
Birds,Psophia viridis,Yes,Q785652,Vulnerable,Amazon
Birds,Pteroglossus azara,Yes,Q1061009,Least Concern,Amazon
Birds,Pyriglena atra,Yes,Q1275342,Endangered,"Caatinga, Atlantic Forest"
Birds,Pyriglena leuconota,Yes,Q1261248,Least Concern,"Amazon, Caatinga, Cerrado"
Birds,Pyriglena pernambucensis,Yes,Q97670985,Vulnerable,"Caatinga, Atlantic Forest"
Birds,Pyriglena similis,Yes,Q100869242,Least Concern,Amazon
Birds,Pyrilia aurantiocephala,Yes,Q141801,Least Concern,Amazon
Birds,Pyrilia vulturina,Yes,Q933831,Vulnerable,"Amazon, Cerrado"
Birds,Pyrrhura amazonum,Yes,Q2996196,Vulnerable,"Amazon, Cerrado"
Birds,Pyrrhura anerythra,Yes,Q120913248,Vulnerable,"Amazon, Cerrado"
Birds,Pyrrhura coerulescens,Yes,Q1264705,Vulnerable,"Amazon, Cerrado"
Birds,Pyrrhura cruentata,Yes,Q882973,Vulnerable,"Caatinga, Atlantic Forest, Coastal-Marine System"
Birds,Pyrrhura griseipectus,Yes,Q1262774,Endangered,"Caatinga, Atlantic Forest"
Birds,Pyrrhura leucotis,Yes,Q552050,Vulnerable,Atlantic Forest
Birds,Pyrrhura lucianii,Yes,Q1266914,Least Concern,Amazon
Birds,Pyrrhura pfrimeri,Yes,Q1260660,Endangered,Cerrado
Birds,Radinopsyche sellowi,Yes,Q1267674,Least Concern,"Amazon, Caatinga, Cerrado, Atlantic Forest"
Birds,Ramphodon naevius,Yes,Q836998,Least Concern,Atlantic Forest
Birds,Rhegmatorhina berlepschi,Yes,Q541777,Least Concern,Amazon
Birds,Rhegmatorhina gymnops,Yes,Q844201,Vulnerable,Amazon
Birds,Rhegmatorhina hoffmannsi,Yes,Q1272352,Vulnerable,"Amazon, Cerrado"
Birds,Rhopias gularis,Yes,Q27075119,Least Concern,Atlantic Forest
Birds,Rhopornis ardesiacus,Yes,Q781363,Vulnerable,"Caatinga, Atlantic Forest"
Birds,Sakesphoroides cristatus,Yes,Q1271308,Least Concern,"Caatinga, Cerrado, Atlantic Forest"
Birds,Sakesphoroides niedeguidonae,Yes,Q126728173,Least Concern,"Caatinga, Cerrado"
Birds,Sakesphorus luctuosus,Yes,Q1268109,Least Concern,"Amazon, Cerrado"
Birds,Sclerurus cearensis,Yes,Q21364630,Endangered,"Caatinga, Cerrado, Atlantic Forest"
Birds,Scytalopus diamantinensis,Yes,Q1270835,Vulnerable,Caatinga
Birds,Scytalopus gonzagai,Yes,Q18120708,Endangered,Atlantic Forest
Birds,Scytalopus iraiensis,Yes,Q1260717,Endangered,"Cerrado, Atlantic Forest, Pampa"
Birds,Scytalopus novacapitalis,Yes,Q899144,Endangered,Cerrado
Birds,Scytalopus petrophilus,Yes,Q1274887,Least Concern,"Cerrado, Atlantic Forest"
Birds,Scytalopus speluncae,Yes,Q1261490,Least Concern,Atlantic Forest
Birds,Spinus yarrellii,Yes,Q10820720,Vulnerable,"Caatinga, Cerrado, Atlantic Forest"
Birds,Sporophila albogularis,Yes,Q2226617,Least Concern,"Caatinga, Cerrado, Atlantic Forest"
Birds,Sporophila ardesiaca,Yes,Q2226663,Least Concern,"Amazon, Caatinga, Cerrado, Atlantic Forest"
Birds,Sporophila beltoni,Yes,Q15952800,Endangered,"Cerrado, Atlantic Forest"
Birds,Sporophila melanogaster,Yes,Q1306486,Vulnerable,"Caatinga, Cerrado, Atlantic Forest"
Birds,Stephanoxis lalandi,Yes,Q268028,Least Concern,Atlantic Forest
Birds,Stilpnia peruviana,Yes,Q786744,Near Threatened,"Cerrado, Atlantic Forest, Pampa"
Birds,Synallaxis cinerea,Yes,Q27075095,Least Concern,"Caatinga, Atlantic Forest"
Birds,Synallaxis hellmayri,Yes,Q1029115,Least Concern,"Caatinga, Cerrado"
Birds,Synallaxis infuscata,Yes,Q1262596,Endangered,"Caatinga, Atlantic Forest"
Birds,Synallaxis simoni,Yes,Q31874246,Least Concern,"Amazon, Cerrado"
Birds,Tangara brasiliensis,Yes,Q18468815,Least Concern,Atlantic Forest
Birds,Tangara cyanomelas,Yes,Q7516890,Least Concern,Atlantic Forest
Birds,Tangara cyanoventris,Yes,Q1587330,Least Concern,"Caatinga, Cerrado, Atlantic Forest"
Birds,Tangara desmaresti,Yes,Q1587419,Least Concern,"Cerrado, Atlantic Forest"
Birds,Tangara fastuosa,Yes,Q1071698,Vulnerable,"Caatinga, Atlantic Forest"
Birds,Terenura sicki,Yes,Q224568,Endangered,"Caatinga, Atlantic Forest"
Birds,Thalurania watertonii,Yes,Q839933,Endangered,"Caatinga, Atlantic Forest"
Birds,Thamnophilus ambiguus,Yes,Q1075996,Least Concern,"Caatinga, Atlantic Forest"
Birds,Thamnophilus capistratus,Yes,Q20061476,Least Concern,"Caatinga, Cerrado, Atlantic Forest"
Birds,Thamnophilus divisorius,Yes,Q1262041,Least Concern,Amazon
Birds,Thamnophilus pelzelni,Yes,Q1076023,Least Concern,"Amazon, Caatinga, Cerrado, Atlantic Forest, Pantanal"
Birds,Thraupis cyanoptera,Yes,Q2193716,Least Concern,Atlantic Forest
Birds,Thraupis ornata,Yes,Q1588033,Least Concern,"Cerrado, Atlantic Forest"
Birds,Thripophaga macroura,Yes,Q1261523,Vulnerable,"Atlantic Forest, Coastal-Marine System"
Birds,Todirostrum poliocephalum,Yes,Q839184,Least Concern,Atlantic Forest
Birds,Tolmomyias sucunduri,Yes,Q15738052,Least Concern,Amazon
Birds,Touit melanonotus,Yes,Q901745,Vulnerable,Atlantic Forest
Birds,Touit surdus,Yes,Q1264307,Vulnerable,Atlantic Forest
Birds,Triclaria malachitacea,Yes,Q620349,Least Concern,"Cerrado, Atlantic Forest"
Birds,Veniliornis maculifrons,Yes,Q1262194,Least Concern,"Cerrado, Atlantic Forest"
Birds,Vireo gracilirostris,Yes,Q628749,Vulnerable,Atlantic Forest
Birds,Xiphocolaptes carajaensis,Yes,Q5037640,Vulnerable,Amazon
Birds,Xiphocolaptes falcirostris,Yes,Q796659,Vulnerable,"Caatinga, Cerrado"
Birds,Xipholena atropurpurea,Yes,Q1305144,Vulnerable,"Atlantic Forest, Coastal-Marine System"
Birds,Xipholena lamellipennis,Yes,Q1307543,Vulnerable,"Amazon, Cerrado"
Birds,Xiphorhynchus atlanticus,Yes,Q31874257,Vulnerable,"Caatinga, Atlantic Forest"
Birds,Zimmerius chicomendesi,Yes,Q14857337,Least Concern,Amazon
Mammals,Akodon cursor,Yes,Q306995,Least Concern,"Caatinga, Cerrado, Atlantic Forest, Coastal-Marine System"
Mammals,Akodon kadiweu,Yes,Q123998206,Data Deficient,Cerrado
Mammals,Akodon lindberghi,Yes,Q1767022,Least Concern,"Cerrado, Atlantic Forest"
Mammals,Akodon mystax,Yes,Q1762412,Near Threatened,Atlantic Forest
Mammals,Akodon sanctipaulensis,Yes,Q1768545,Data Deficient,Atlantic Forest
Mammals,Alouatta belzebul,Yes,Q739571,Vulnerable,"Amazon, Cerrado, Atlantic Forest"
Mammals,Alouatta discolor,Yes,Q1207240,Vulnerable,Amazon
Mammals,Alouatta nigerrima,Yes,Q456535,Least Concern,Amazon
Mammals,Alouatta ululata,Yes,Q1353729,Endangered,"Caatinga, Cerrado"
Mammals,Ateles marginatus,Yes,Q944704,Endangered,Amazon
Mammals,Brachyteles arachnoides,Yes,Q1140418,Endangered,"Cerrado, Atlantic Forest"
Mammals,Brachyteles hypoxanthus,Yes,Q559289,Critically Endangered,Atlantic Forest
Mammals,Bradypus torquatus,Yes,Q301051,Vulnerable,Atlantic Forest
Mammals,Brucepattersonius griserufescens,Yes,Q1764172,Near Threatened,Atlantic Forest
Mammals,Brucepattersonius nebulosus,Yes,Q123998205,Near Threatened,Atlantic Forest
Mammals,Brucepattersonius soricinus,Yes,Q1765296,Least Concern,Atlantic Forest
Mammals,Cacajao ayresi,Yes,Q141453,Least Concern,Amazon
Mammals,Cacajao calvus,Yes,Q377612,Least Concern,Amazon
Mammals,Cacajao novaesi,Yes,Q112242045,Near Threatened,Amazon
Mammals,Cacajao rubicundus,Yes,Q40983986,Least Concern,Amazon
Mammals,Calassomys apicalis,Yes,Q18467385,Near Threatened,Cerrado
Mammals,Callibella humilis,Yes,Q20888571,Least Concern,Amazon
Mammals,Callicebus barbarabrownae,Yes,Q1350660,Endangered,"Caatinga, Atlantic Forest"
Mammals,Plecturocebus bernhardi,Yes,Q56088181,Vulnerable,Amazon
Mammals,Callicebus coimbrai,Yes,Q1107227,Endangered,"Caatinga, Atlantic Forest"
Mammals,Callicebus melanochir,Yes,Q1365685,Least Concern,Atlantic Forest
Mammals,Callicebus nigrifrons,Yes,Q1350681,Vulnerable,"Cerrado, Atlantic Forest"
Mammals,Callicebus personatus,Yes,Q280835,Vulnerable,"Cerrado, Atlantic Forest"
Mammals,Callistomys pictus,Yes,Q302775,Endangered,Atlantic Forest
Mammals,Callithrix aurita,Yes,Q1150912,Endangered,"Cerrado, Atlantic Forest"
Mammals,Callithrix flaviceps,Yes,Q1152335,Critically Endangered,Atlantic Forest
Mammals,Callithrix geoffroyi,Yes,Q934635,Least Concern,"Cerrado, Atlantic Forest"
Mammals,Callithrix jacchus,Yes,Q838947,Least Concern,"Caatinga, Cerrado, Atlantic Forest"
Mammals,Callithrix kuhlii,Yes,Q588728,Near Threatened,Atlantic Forest
Mammals,Callithrix penicillata,Yes,Q998685,Least Concern,"Caatinga, Cerrado, Atlantic Forest"
Mammals,Calomys expulsus,Yes,Q1768782,Least Concern,"Caatinga, Cerrado, Atlantic Forest"
Mammals,Calomys mattevii,Yes,Q99194656,Least Concern,"Amazon, Caatinga, Cerrado, Atlantic Forest"
Mammals,Calomys tocantinsi,Yes,Q1768431,Least Concern,"Amazon, Cerrado"
Mammals,Carterodon sulcidens,Yes,Q1768725,Data Deficient,"Amazon, Cerrado"
Mammals,Cavia fulgida,Yes,Q1769896,Least Concern,Atlantic Forest
Mammals,Cavia intermedia,Yes,Q1766902,Critically Endangered,NA
Mammals,Cebus kaapori,Yes,Q1365676,Critically Endangered,Amazon
Mammals,Cerradomys akroai,Yes,Q28070456,Data Deficient,Cerrado
Mammals,Cerradomys goytaca,Yes,Q18485327,Endangered,Atlantic Forest
Mammals,Cerradomys langguthi,Yes,Q5064808,Least Concern,"Amazon, Caatinga, Cerrado, Atlantic Forest"
Mammals,Cerradomys marinhus,Yes,Q1768036,Least Concern,"Amazon, Cerrado"
Mammals,Cerradomys subflavus,Yes,Q1767542,Least Concern,"Caatinga, Cerrado, Atlantic Forest"
Mammals,Cerradomys vivoi,Yes,Q5064810,Least Concern,"Caatinga, Cerrado, Atlantic Forest"
Mammals,Chaetomys subspinosus,Yes,Q894229,Least Concern,"Atlantic Forest, Coastal-Marine System"
Mammals,Cheracebus regulus,Yes,Q56121011,Least Concern,Amazon
Mammals,Cheracebus torquatus,Yes,Q56121464,Least Concern,Amazon
Mammals,Chiropotes albinasus,Yes,Q1030670,Least Concern,"Amazon, Cerrado"
Mammals,Chiropotes satanas,Yes,Q1140251,Endangered,"Amazon, Cerrado"
Mammals,Chiropotes utahickae,Yes,Q1209234,Vulnerable,"Amazon, Cerrado"
Mammals,Coendou baturitensis,Yes,Q21251290,Least Concern,"Amazon, Caatinga"
Mammals,Coendou insidiosus,Yes,Q28155039,Least Concern,Atlantic Forest
Mammals,Coendou nycthemera,Yes,Q1761558,Least Concern,"Amazon, Cerrado"
Mammals,Coendou prehensilis,Yes,Q688610,Near Threatened,Atlantic Forest
Mammals,Coendou roosmalenorum,Yes,Q28155031,Least Concern,Amazon
Mammals,Coendou speratus,Yes,Q14942983,Vulnerable,Atlantic Forest
Mammals,Cryptonanus agricolai,Yes,Q194385,Least Concern,"Cerrado, Atlantic Forest"
Mammals,Cryptonanus guahybae,Yes,Q593587,Least Concern,Atlantic Forest
Mammals,Ctenomys bicolor,Yes,Q19609342,Endangered,"Amazon, Cerrado"
Mammals,Ctenomys flamarioni,Yes,Q1765606,Vulnerable,Pampa
Mammals,Ctenomys ibicuiensis,Yes,Q19609343,Endangered,Pampa
Mammals,Ctenomys lami,Yes,Q1767339,Endangered,Pampa
Mammals,Ctenomys minutus,Yes,Q1769927,Vulnerable,"Atlantic Forest, Pampa, Coastal-Marine System"
Mammals,Ctenomys rondoni,Yes,Q7365573,Data Deficient,Amazon
Mammals,Cyclopes xinguensis,Yes,Q51316452,Least Concern,Amazon
Mammals,Dasyprocta croconota,Yes,Q81849799,Least Concern,Amazon
Mammals,Dasyprocta iacki,Yes,Q31073016,Least Concern,"Amazon, Caatinga, Cerrado, Atlantic Forest"
Mammals,Dasyprocta nigriclunis,Yes,Q124032242,Least Concern,"Caatinga, Cerrado"
Mammals,Dasyprocta prymnolopha,Yes,Q1764161,Least Concern,"Amazon, Caatinga, Cerrado, Atlantic Forest"
Mammals,Delomys altimontanus,Yes,Q21254088,Near Threatened,Atlantic Forest
Mammals,Delomys sublineatus,Yes,Q1762231,Least Concern,Atlantic Forest
Mammals,Dryadonycteris capixaba,Yes,Q3715585,Least Concern,"Caatinga, Atlantic Forest"
Mammals,Drymoreomys albimaculatus,Yes,Q21259543,Least Concern,Atlantic Forest
Mammals,Echimys vieirai,Yes,Q2045217,Least Concern,Amazon
Mammals,Eptesicus taddeii,Yes,Q626683,Least Concern,"Cerrado, Atlantic Forest"
Mammals,Euryoryzomys emmonsae,Yes,Q1763310,Least Concern,"Amazon, Cerrado"
Mammals,Euryoryzomys lamia,Yes,Q1765807,Endangered,Cerrado
Mammals,Galea spixii,Yes,Q305695,Least Concern,"Amazon, Caatinga, Cerrado, Atlantic Forest"
Mammals,Glyphonycteris behnii,Yes,Q1832524,Data Deficient,"Amazon, Cerrado"
Mammals,Gyldenstolpia planaltensis,Yes,Q19709190,Vulnerable,Cerrado
Mammals,Holochilus oxe,Yes,Q124097706,Least Concern,"Caatinga, Atlantic Forest"
Mammals,Holochilus sciureus,Yes,Q1766343,Least Concern,"Amazon, Caatinga, Cerrado"
Mammals,Hylaeamys oniscus,Yes,Q2359427,Vulnerable,Atlantic Forest
Mammals,Hylaeamys seuanezi,Yes,Q124122240,Least Concern,Atlantic Forest
Mammals,Isothrix pagurus,Yes,Q302727,Least Concern,Amazon
Mammals,Juliomys ossitenuis,Yes,Q2096368,Least Concern,Atlantic Forest
Mammals,Juliomys rimofrons,Yes,Q1766659,Data Deficient,Atlantic Forest
Mammals,Juliomys ximenezi,Yes,Q24232893,Near Threatened,Atlantic Forest
Mammals,Juscelinomys candango,Yes,Q139355,Critically Endangered,Cerrado
Mammals,Kerodon acrobata,Yes,Q1761800,Vulnerable,Cerrado
Mammals,Kerodon rupestris,Yes,Q1769116,Least Concern,"Caatinga, Cerrado, Atlantic Forest"
Mammals,Lasiurus ebenus,Yes,Q305680,Least Concern,Atlantic Forest
Mammals,Leontocebus cruzlimai,Yes,Q25384553,Least Concern,Amazon
Mammals,Leontopithecus caissara,Yes,Q1065007,Endangered,Atlantic Forest
Mammals,Leontopithecus chrysomelas,Yes,Q775442,Vulnerable,Atlantic Forest
Mammals,Leontopithecus chrysopygus,Yes,Q290591,Endangered,"Cerrado, Atlantic Forest"
Mammals,Leontopithecus rosalia,Yes,Q208486,Endangered,Atlantic Forest
Mammals,Lonchophylla bokermanni,Yes,Q1833710,Vulnerable,"Caatinga, Cerrado"
Mammals,Lonchophylla dekeyseri,Yes,Q1832889,Endangered,"Cerrado, Atlantic Forest"
Mammals,Lonchophylla inexpectata,Yes,Q20730680,Data Deficient,"Caatinga, Atlantic Forest"
Mammals,Lonchophylla mordax,Yes,Q1832090,Data Deficient,Caatinga
Mammals,Lonchophylla peracchii,Yes,Q15918673,Least Concern,"Atlantic Forest, Coastal-Marine System"
Mammals,Lonchothrix emiliae,Yes,Q390155,Least Concern,Amazon
Mammals,Lycalopex vetulus,Yes,Q257432,Near Threatened,"Amazon, Caatinga, Cerrado, Atlantic Forest"
Mammals,Marmosops incanus,Yes,Q194930,Least Concern,"Caatinga, Cerrado, Atlantic Forest"
Mammals,Marmosops paulensis,Yes,Q194992,Least Concern,Atlantic Forest
Mammals,Mazama jucunda,Yes,Q2277840,Near Threatened,Atlantic Forest
Mammals,Mesomys occultus,Yes,Q1762627,Least Concern,Amazon
Mammals,Mesomys stimulax,Yes,Q1768332,Least Concern,Amazon
Mammals,Mico acariensis,Yes,Q20873589,Least Concern,Amazon
Mammals,Mico argentatus,Yes,Q20873581,Least Concern,Amazon
Mammals,Mico chrysoleucos,Yes,Q1206327,Least Concern,Amazon
Mammals,Mico emiliae,Yes,Q21073205,Least Concern,Amazon
Mammals,Mico humeralifer,Yes,Q20890524,Least Concern,Amazon
Mammals,Mico intermedius,Yes,Q28154771,Least Concern,Amazon
Mammals,Mico leucippe,Yes,Q20890512,Least Concern,Amazon
Mammals,Mico marcai,Yes,Q20891170,Near Threatened,Amazon
Mammals,Mico mauesi,Yes,Q20888577,Least Concern,Amazon
Mammals,Mico munduruku,Yes,Q66087868,Least Concern,Amazon
Mammals,Mico nigriceps,Yes,Q20873070,Least Concern,Amazon
Mammals,Mico rondoni,Yes,Q1187101,Near Threatened,Amazon
Mammals,Mico saterei,Yes,Q20890485,Least Concern,Amazon
Mammals,Microakodontomys transitorius,Yes,Q899141,Endangered,Cerrado
Mammals,Micronycteris sanborni,Yes,Q1833639,Least Concern,"Caatinga, Cerrado, Pantanal"
Mammals,Monodelphis americana,Yes,Q194466,Least Concern,"Amazon, Caatinga, Cerrado, Atlantic Forest"
Mammals,Monodelphis iheringi,Yes,Q194475,Least Concern,Atlantic Forest
Mammals,Monodelphis pinocchio,Yes,Q31074033,Near Threatened,Atlantic Forest
Mammals,Monodelphis saci,Yes,Q30232550,Least Concern,Amazon
Mammals,Neacomys elieceri,Yes,Q111217463,Least Concern,Amazon
Mammals,Neacomys jau,Yes,Q111220498,Least Concern,Amazon
Mammals,Neacomys marajoara,No,NA,Least Concern,NA
Mammals,Neacomys oliveirai,Yes,Q111225620,Near Threatened,Amazon
Mammals,Neacomys vossi,No,NA,Least Concern,Amazon
Mammals,Neacomys xingu,No,NA,Least Concern,Amazon
Mammals,Neusticomys ferreirai,Yes,Q2032370,Least Concern,Amazon
Mammals,Oecomys catherinae,Yes,Q1763442,Least Concern,"Amazon, Cerrado, Atlantic Forest"
Mammals,Oecomys cleberi,Yes,Q1770082,Least Concern,"Amazon, Cerrado, Atlantic Forest"
Mammals,Oecomys matogrossensis,No,NA,Least Concern,"Amazon, Cerrado, Pantanal"
Mammals,Oecomys tapajinus,No,NA,Least Concern,"Amazon, Cerrado"
Mammals,Oligoryzomys moojeni,Yes,Q2161962,Least Concern,Cerrado
Mammals,Oligoryzomys rupestris,Yes,Q2319334,Least Concern,"Caatinga, Cerrado"
Mammals,Oligoryzomys stramineus,Yes,Q1765642,Least Concern,"Caatinga, Cerrado, Atlantic Forest"
Mammals,Oligoryzomys utiaritensis,No,NA,Least Concern,"Amazon, Cerrado"
Mammals,Oxymycterus amazonicus,Yes,Q1760924,Least Concern,"Amazon, Cerrado"
Mammals,Oxymycterus caparaoe,Yes,Q1768999,Vulnerable,Atlantic Forest
Mammals,Oxymycterus dasytrichus,Yes,Q1770196,Least Concern,"Caatinga, Cerrado, Atlantic Forest"
Mammals,Oxymycterus itapeby,Yes,Q69532269,Data Deficient,"Cerrado, Atlantic Forest"
Mammals,Phaenomys ferrugineus,Yes,Q1763562,Vulnerable,Atlantic Forest
Mammals,Phyllomys blainvilii,Yes,Q302346,Least Concern,"Caatinga, Cerrado, Atlantic Forest"
Mammals,Phyllomys brasiliensis,Yes,Q302102,Endangered,Cerrado
Mammals,Phyllomys dasythrix,Yes,Q303676,Least Concern,"Atlantic Forest, Pampa"
Mammals,Phyllomys kerri,Yes,Q1768719,Near Threatened,Atlantic Forest
Mammals,Phyllomys lamarum,Yes,Q302628,Least Concern,"Caatinga, Cerrado, Atlantic Forest"
Mammals,Phyllomys lundi,Yes,Q1765080,Near Threatened,Atlantic Forest
Mammals,Phyllomys mantiqueirensis,Yes,Q646010,Data Deficient,Atlantic Forest
Mammals,Phyllomys medius,Yes,Q1768956,Least Concern,"Atlantic Forest, Pampa"
Mammals,Phyllomys nigrispinus,Yes,Q1765535,Least Concern,"Cerrado, Atlantic Forest"
Mammals,Phyllomys pattoni,Yes,Q1769880,Least Concern,Atlantic Forest
Mammals,Phyllomys sulinus,Yes,Q19716235,Least Concern,Atlantic Forest
Mammals,Phyllomys thomasi,Yes,Q302755,Near Threatened,Atlantic Forest
Mammals,Phyllomys unicolor,Yes,Q304983,Critically Endangered,Atlantic Forest
Mammals,Pithecia albicans,Yes,Q125667067,Least Concern,Amazon
Mammals,Pithecia chrysocephala,Yes,Q20687107,Least Concern,Amazon
Mammals,Pithecia vanzolinii,Yes,Q20721751,Least Concern,Amazon
Mammals,Platyrrhinus recifinus,Yes,Q952523,Least Concern,"Cerrado, Atlantic Forest"
Mammals,Plecturocebus baptista,Yes,Q56088164,Least Concern,Amazon
Mammals,Plecturocebus cinerascens,Yes,Q56116539,Least Concern,"Amazon, Cerrado"
Mammals,Plecturocebus hoffmannsi,Yes,Q56120547,Least Concern,Amazon
Mammals,Plecturocebus miltoni,Yes,Q124052793,Least Concern,Amazon
Mammals,Plecturocebus moloch,Yes,Q56116672,Least Concern,"Amazon, Cerrado"
Mammals,Plecturocebus stephennashi,Yes,Q56121414,Least Concern,Amazon
Mammals,Plecturocebus vieirai,Yes,Q50863,Least Concern,Amazon
Mammals,Proechimys goeldii,Yes,Q1762300,Least Concern,"Amazon, Cerrado"
Mammals,Proechimys roberti,Yes,Q1766118,Least Concern,"Amazon, Cerrado"
Mammals,Rhagomys rufescens,Yes,Q1765813,Least Concern,"Cerrado, Atlantic Forest"
Mammals,Rhipidomys cariri,Yes,Q2547766,Vulnerable,Caatinga
Mammals,Rhipidomys emiliae,Yes,Q1760861,Least Concern,"Amazon, Cerrado"
Mammals,Rhipidomys ipukensis,Yes,Q20061046,Least Concern,Cerrado
Mammals,Rhipidomys itoan,Yes,Q19746244,Least Concern,Atlantic Forest
Mammals,Rhipidomys mastacalis,Yes,Q588724,Least Concern,"Caatinga, Cerrado, Atlantic Forest"
Mammals,Rhipidomys tribei,Yes,Q19746359,Least Concern,Atlantic Forest
Mammals,Saguinus bicolor,Yes,Q232625,Endangered,Amazon
Mammals,Saguinus martinsi,Yes,Q932541,Least Concern,Amazon
Mammals,Saguinus niger,Yes,Q672895,Least Concern,Amazon
Mammals,Saguinus ursulus,Yes,Q15843769,Near Threatened,"Amazon, Cerrado"
Mammals,Saimiri collinsi,Yes,Q18650090,Least Concern,"Amazon, Cerrado"
Mammals,Saimiri ustus,Yes,Q281736,Least Concern,"Amazon, Cerrado"
Mammals,Saimiri vanzolinii,Yes,Q1266116,Endangered,Amazon
Mammals,Sapajus flavius,Yes,Q28154779,Endangered,"Caatinga, Atlantic Forest"
Mammals,Sapajus libidinosus,Yes,Q28154786,Vulnerable,"Amazon, Caatinga, Cerrado, Atlantic Forest"
Mammals,Sapajus robustus,Yes,Q6121681,Endangered,"Cerrado, Atlantic Forest"
Mammals,Sapajus xanthosternos,Yes,Q28154803,Endangered,"Caatinga, Cerrado, Atlantic Forest"
Mammals,Scapteromys meridionalis,Yes,Q20898332,Least Concern,Atlantic Forest
Mammals,Sylvilagus brasiliensis,Yes,Q856610,Data Deficient,Atlantic Forest
Mammals,Sylvilagus tapetillus,Yes,Q40698478,Near Threatened,Atlantic Forest
Mammals,Thalpomys lasiotis,Yes,Q1768860,Endangered,Cerrado
Mammals,Thrichomys apereoides,Yes,Q1770247,Least Concern,"Caatinga, Cerrado, Atlantic Forest"
Mammals,Thrichomys inermis,Yes,Q1764000,Least Concern,Caatinga
Mammals,Thrichomys laurentius,Yes,Q21075085,Least Concern,"Amazon, Caatinga, Cerrado, Atlantic Forest"
Mammals,Thylamys karimii,Yes,Q194985,Least Concern,"Amazon, Caatinga, Cerrado, Atlantic Forest"
Mammals,Thylamys velutinus,Yes,Q194988,Least Concern,"Cerrado, Atlantic Forest"
Mammals,Tolypeutes tricinctus,Yes,Q111846,Endangered,"Caatinga, Cerrado"
Mammals,Toromys grandis,Yes,Q302748,Least Concern,Amazon
Mammals,Trinomys albispinus,Yes,Q1768378,Least Concern,"Caatinga, Cerrado, Atlantic Forest"
Mammals,Trinomys dimidiatus,Yes,Q1761812,Least Concern,Atlantic Forest
Mammals,Trinomys elegans,No,NA,Least Concern,"Cerrado, Atlantic Forest"
Mammals,Trinomys eliasi,Yes,Q1764880,Vulnerable,Atlantic Forest
Mammals,Trinomys gratiosus,Yes,Q1761430,Least Concern,Atlantic Forest
Mammals,Trinomys iheringi,Yes,Q1763994,Least Concern,Atlantic Forest
Mammals,Trinomys mirapitanga,Yes,Q1762946,Near Threatened,Atlantic Forest
Mammals,Trinomys moojeni,Yes,Q1766462,Endangered,Atlantic Forest
Mammals,Trinomys paratus,Yes,Q1765906,Least Concern,Atlantic Forest
Mammals,Trinomys setosus,Yes,Q1769334,Least Concern,"Caatinga, Cerrado, Atlantic Forest"
Mammals,Trinomys yonenagae,Yes,Q686037,Endangered,"Caatinga, Cerrado"
Mammals,Wiedomys cerradensis,Yes,Q4033672,Least Concern,"Caatinga, Cerrado"
Mammals,Wiedomys pyrrhorhinus,Yes,Q1769031,Least Concern,"Caatinga, Cerrado, Atlantic Forest"
Mammals,Xeronycteris vieirai,Yes,Q348873,Data Deficient,"Caatinga, Cerrado"
Reptiles,Acratosaura mentalis,Yes,Q2823468,Least Concern,"Caatinga, Cerrado, Atlantic Forest"
Reptiles,Acratosaura spinosa,Yes,Q2823469,Endangered,Caatinga
Reptiles,Alexandresaurus camacan,Yes,Q13583252,Vulnerable,Atlantic Forest
Reptiles,Alopoglossus amazonius,Yes,Q96371845,Least Concern,Amazon
Reptiles,Alopoglossus meloi,Yes,Q65698008,Least Concern,Amazon
Reptiles,Ameiva parecis,Yes,Q2980970,Endangered,"Amazon, Cerrado"
Reptiles,Ameivula confusioniba,Yes,Q2980941,Least Concern,"Caatinga, Cerrado"
Reptiles,Ameivula cyanura,Yes,Q2980945,Vulnerable,Caatinga
Reptiles,Ameivula jalapensis,Yes,Q2980948,Least Concern,Cerrado
Reptiles,Ameivula mumbuca,Yes,Q2980961,Least Concern,Cerrado
Reptiles,Ameivula nativo,Yes,Q2980964,Near Threatened,Atlantic Forest
Reptiles,Ameivula nigrigula,Yes,Q2980966,Least Concern,"Caatinga, Cerrado"
Reptiles,Ameivula pyrrhogularis,Yes,Q30005008,Least Concern,Caatinga
Reptiles,Ameivula xacriaba,Yes,Q17608361,Least Concern,Cerrado
Reptiles,Amerotyphlops amoipira,Yes,Q29032536,Least Concern,"Amazon, Caatinga, Cerrado, Atlantic Forest"
Reptiles,Amerotyphlops arenensis,Yes,Q19863318,Least Concern,"Caatinga, Cerrado, Atlantic Forest"
Reptiles,Amerotyphlops paucisquamus,Yes,Q3062065,Least Concern,"Amazon, Caatinga, Cerrado, Atlantic Forest"
Reptiles,Amerotyphlops yonenagae,Yes,Q3010348,Data Deficient,Caatinga
Reptiles,Amnesteophis melanauchen,Yes,Q2843736,Data Deficient,NA
Reptiles,Amphisbaena absaberi,Yes,Q2844274,Data Deficient,Pantanal
Reptiles,Amphisbaena acrobeles,Yes,Q2844271,Least Concern,Cerrado
Reptiles,Amphisbaena anaemariae,Yes,Q2844279,Least Concern,"Cerrado, Atlantic Forest"
Reptiles,Amphisbaena anomala,Yes,Q2844281,Least Concern,"Amazon, Caatinga, Cerrado"
Reptiles,Amphisbaena arda,Yes,Q2844282,Vulnerable,Cerrado
Reptiles,Amphisbaena arenaria,Yes,Q2709051,Endangered,Caatinga
Reptiles,Amphisbaena arenicola,Yes,Q85741310,Near Threatened,Atlantic Forest
Reptiles,Amphisbaena bahiana,Yes,Q2844284,Endangered,"Caatinga, Atlantic Forest"
Reptiles,Amphisbaena bedai,Yes,Q2844290,Least Concern,Cerrado
Reptiles,Amphisbaena bilabialata,Yes,Q2844291,Least Concern,"Amazon, Cerrado"
Reptiles,Amphisbaena brasiliana,Yes,Q2844295,Least Concern,"Amazon, Cerrado"
Reptiles,Amphisbaena brevis,Yes,Q2844294,Data Deficient,Cerrado
Reptiles,Amphisbaena caetitensis,Yes,Q63951892,Data Deficient,Caatinga
Reptiles,Amphisbaena caiari,Yes,Q17310259,Near Threatened,Amazon
Reptiles,Amphisbaena carli,Yes,Q2844296,Vulnerable,Cerrado
Reptiles,Amphisbaena carvalhoi,Yes,Q2844303,Endangered,"Caatinga, Atlantic Forest"
Reptiles,Amphisbaena crisae,Yes,Q2844307,Least Concern,Cerrado
Reptiles,Amphisbaena cuiabana,Yes,Q2844310,Least Concern,"Amazon, Cerrado"
Reptiles,Amphisbaena cunhai,Yes,Q2844312,Least Concern,Amazon
Reptiles,Amphisbaena dubia,Yes,Q2844313,Least Concern,Atlantic Forest
Reptiles,Amphisbaena filiformis,Yes,Q29053536,Data Deficient,Cerrado
Reptiles,Amphisbaena frontalis,Yes,Q2844315,Least Concern,"Caatinga, Cerrado"
Reptiles,Amphisbaena hastata,Yes,Q2844321,Least Concern,"Caatinga, Cerrado"
Reptiles,Amphisbaena heathi,Yes,Q2844322,Vulnerable,"Caatinga, Atlantic Forest"
Reptiles,Amphisbaena hogei,Yes,Q2844324,Least Concern,"Cerrado, Atlantic Forest"
Reptiles,Amphisbaena hoogmoedi,Yes,Q63242506,Data Deficient,Amazon
Reptiles,Amphisbaena ignatiana,Yes,Q2844330,Least Concern,"Caatinga, Atlantic Forest"
Reptiles,Amphisbaena kraoh,Yes,Q2844333,Least Concern,Cerrado
Reptiles,Amphisbaena leucocephala,Yes,Q2844336,Vulnerable,Atlantic Forest
Reptiles,Amphisbaena littoralis,Yes,Q16504844,Vulnerable,"Caatinga, Atlantic Forest"
Reptiles,Amphisbaena longinqua,Yes,Q96371976,Data Deficient,Caatinga
Reptiles,Amphisbaena lumbricalis,Yes,Q2844337,Least Concern,"Caatinga, Atlantic Forest"
Reptiles,Amphisbaena maranhensis,Yes,Q11848453,Data Deficient,Cerrado
Reptiles,Amphisbaena mebengokre,Yes,Q63951896,Data Deficient,Cerrado
Reptiles,Amphisbaena miringoera,Yes,Q2844346,Least Concern,"Amazon, Cerrado, Atlantic Forest"
Reptiles,Amphisbaena mitchelli,Yes,Q2844348,Least Concern,Amazon
Reptiles,Amphisbaena mongoyo,Yes,Q96371977,Data Deficient,Atlantic Forest
Reptiles,Amphisbaena nana,Yes,Q85741311,Least Concern,"Atlantic Forest, Pampa"
Reptiles,Amphisbaena neglecta,Yes,Q2844351,Data Deficient,Cerrado
Reptiles,Amphisbaena nigricauda,Yes,Q2844352,Vulnerable,Atlantic Forest
Reptiles,Amphisbaena pretrei,Yes,Q2844359,Least Concern,"Caatinga, Cerrado, Atlantic Forest"
Reptiles,Amphisbaena ridleyi,Yes,Q2711079,Endangered,"Atlantic Forest, Coastal-Marine System"
Reptiles,Amphisbaena sanctaeritae,Yes,Q2844365,Endangered,Cerrado
Reptiles,Amphisbaena saxosa,Yes,Q2844367,Endangered,Cerrado
Reptiles,Amphisbaena steindachneri,Yes,Q2844370,Least Concern,"Amazon, Cerrado, Pantanal"
Reptiles,Amphisbaena supernumeraria,Yes,Q2844374,Endangered,"Caatinga, Atlantic Forest"
Reptiles,Amphisbaena talisiae,Yes,Q2844378,Least Concern,Cerrado
Reptiles,Amphisbaena tragorrhectes,Yes,Q2844381,Least Concern,Amazon
Reptiles,Amphisbaena uroxena,Yes,Q2844379,Endangered,Caatinga
Reptiles,Anotosaura collaris,Yes,Q2852384,Endangered,Caatinga
Reptiles,Anotosaura vanzolinia,Yes,Q2852382,Least Concern,"Caatinga, Atlantic Forest"
Reptiles,Apostolepis adhara,Yes,Q63385892,Data Deficient,Cerrado
Reptiles,Apostolepis albicollaris,Yes,Q2409228,Least Concern,Cerrado
Reptiles,Apostolepis arenaria,Yes,Q2858534,Endangered,Caatinga
Reptiles,Apostolepis borellii,Yes,Q23309083,Least Concern,Pantanal
Reptiles,Apostolepis cearensis,Yes,Q2858539,Least Concern,"Caatinga, Cerrado, Atlantic Forest"
Reptiles,Apostolepis christineae,Yes,Q2858538,Least Concern,"Amazon, Cerrado"
Reptiles,Apostolepis flavotorquata,Yes,Q5089849,Least Concern,"Amazon, Caatinga, Cerrado, Atlantic Forest"
Reptiles,Apostolepis gaboi,Yes,Q2858543,Vulnerable,"Caatinga, Cerrado"
Reptiles,Apostolepis goiasensis,Yes,Q2858544,Least Concern,"Amazon, Cerrado, Atlantic Forest"
Reptiles,Apostolepis kikoi,Yes,Q63385890,Data Deficient,Cerrado
Reptiles,Apostolepis lineata,Yes,Q86693938,Data Deficient,Cerrado
Reptiles,Apostolepis longicaudata,Yes,Q2366635,Least Concern,"Amazon, Cerrado, Atlantic Forest"
Reptiles,Apostolepis nelsonjorgei,Yes,Q2858548,Least Concern,"Amazon, Cerrado"
Reptiles,Apostolepis polylepis,Yes,Q2858554,Least Concern,Cerrado
Reptiles,Apostolepis sanctaeritae,Yes,Q109971491,Least Concern,"Cerrado, Atlantic Forest"
Reptiles,Apostolepis serrana,Yes,Q2858553,Data Deficient,Cerrado
Reptiles,Apostolepis striata,Yes,Q2858555,Vulnerable,Amazon
Reptiles,Apostolepis vittata,Yes,Q2858561,Endangered,Cerrado
Reptiles,Atractus aboiporu,Yes,Q108070165,Least Concern,Amazon
Reptiles,Atractus akerios,Yes,Q115793859,Least Concern,Amazon
Reptiles,Atractus albuquerquei,Yes,Q2710204,Least Concern,"Amazon, Cerrado, Atlantic Forest"
Reptiles,Atractus alphonsehogei,Yes,Q2869635,Least Concern,Amazon
Reptiles,Atractus altagratiae,Yes,Q2869631,Least Concern,Amazon
Reptiles,Atractus boimirim,Yes,Q29053538,Least Concern,Amazon
Reptiles,Atractus caete,Yes,Q2869648,Endangered,Atlantic Forest
Reptiles,Atractus dapsilis,Yes,Q108070171,Least Concern,Amazon
Reptiles,Atractus edioi,Yes,Q5069836,Data Deficient,Cerrado
Reptiles,Atractus francoi,Yes,Q2869679,Least Concern,Atlantic Forest
Reptiles,Atractus guentheri,Yes,Q2869689,Least Concern,Atlantic Forest
Reptiles,Atractus hoogmoedi,Yes,Q2869692,Data Deficient,Amazon
Reptiles,Atractus maculatus,Yes,Q2869711,Least Concern,Atlantic Forest
Reptiles,Atractus pantostictus,Yes,Q2869745,Least Concern,"Amazon, Cerrado, Atlantic Forest"
Reptiles,Atractus potschi,Yes,Q2869752,Least Concern,"Caatinga, Atlantic Forest"
Reptiles,Atractus ronnie,Yes,Q2869758,Vulnerable,Caatinga
Reptiles,Atractus serranus,Yes,Q2869767,Least Concern,Atlantic Forest
Reptiles,Atractus spinalis,Yes,Q14326830,Data Deficient,Cerrado
Reptiles,Atractus stygius,Yes,Q108070175,Least Concern,"Amazon, Cerrado"
Reptiles,Atractus surucucu,Yes,Q2869768,Least Concern,Amazon
Reptiles,Atractus tartarus,Yes,Q29053537,Least Concern,"Amazon, Cerrado"
Reptiles,Atractus trihedrurus,Yes,Q2869781,Least Concern,Atlantic Forest
Reptiles,Atractus zebrinus,Yes,Q2869795,Least Concern,"Cerrado, Atlantic Forest"
Reptiles,Bachia cacerensis,Yes,Q5241826,Data Deficient,Pantanal
Reptiles,Bachia didactyla,Yes,Q2878287,Endangered,"Amazon, Cerrado"
Reptiles,Bachia geralista,Yes,Q11848403,Near Threatened,Cerrado
Reptiles,Bachia micromela,Yes,Q2878294,Data Deficient,Cerrado
Reptiles,Bachia oxyrhina,Yes,Q48715,Least Concern,Cerrado
Reptiles,Bachia panoplia,Yes,Q5241274,Least Concern,Amazon
Reptiles,Bachia psamophila,Yes,Q2878301,Vulnerable,Cerrado
Reptiles,Bachia remota,Yes,Q29053540,Least Concern,Amazon
Reptiles,Bachia scaea,Yes,Q14391192,Least Concern,Amazon
Reptiles,Bachia scolecoides,Yes,Q5266577,Least Concern,"Amazon, Cerrado"
Reptiles,Boiruna sertaneja,Yes,Q2908903,Least Concern,"Caatinga, Cerrado, Atlantic Forest"
Reptiles,Bothrops alcatraz,Yes,Q2911758,Vulnerable,NA
Reptiles,Bothrops erythromelas,Yes,Q2480849,Least Concern,"Caatinga, Cerrado, Atlantic Forest"
Reptiles,Bothrops fonsecai,Yes,Q3021758,Least Concern,Atlantic Forest
Reptiles,Bothrops insularis,Yes,Q670143,Critically Endangered,NA
Reptiles,Bothrops itapetiningae,Yes,Q3021371,Vulnerable,"Cerrado, Atlantic Forest"
Reptiles,Bothrops leucurus,Yes,Q2911775,Least Concern,"Caatinga, Atlantic Forest"
Reptiles,Bothrops lutzi,Yes,Q2057222,Least Concern,"Caatinga, Cerrado, Atlantic Forest"
Reptiles,Bothrops marajoensis,Yes,Q2911779,Least Concern,Amazon
Reptiles,Bothrops marmoratus,Yes,Q2911773,Least Concern,"Cerrado, Atlantic Forest"
Reptiles,Bothrops muriciensis,Yes,Q2911780,Critically Endangered,Atlantic Forest
Reptiles,Bothrops neuwiedi,Yes,Q2606164,Least Concern,"Caatinga, Cerrado, Atlantic Forest"
Reptiles,Bothrops otavioi,Yes,Q2911783,Critically Endangered,NA
Reptiles,Bothrops pirajai,Yes,Q2911793,Near Threatened,Atlantic Forest
Reptiles,Brasiliscincus agilis,Yes,Q2923930,Least Concern,"Atlantic Forest, Coastal-Marine System"
Reptiles,Brasiliscincus caissara,Yes,Q2923935,Endangered,Atlantic Forest
Reptiles,Brasiliscincus heathi,Yes,Q2923937,Least Concern,"Caatinga, Cerrado, Atlantic Forest"
Reptiles,Caaeteboia amarali,Yes,Q2932211,Least Concern,Atlantic Forest
Reptiles,Calamodontophis ronaldoi,Yes,Q2933555,Endangered,Atlantic Forest
Reptiles,Calyptommatus confusionibus,Yes,Q5313846,Least Concern,"Caatinga, Cerrado"
Reptiles,Calyptommatus leiolepis,Yes,Q5243320,Vulnerable,"Caatinga, Cerrado"
Reptiles,Calyptommatus nicterus,Yes,Q5313603,Endangered,Caatinga
Reptiles,Calyptommatus sinebrachiatus,Yes,Q5313477,Endangered,Caatinga
Reptiles,Caparaonia itaiquara,Yes,Q13583254,Endangered,Atlantic Forest
Reptiles,Cercosaura anordosquama,Yes,Q63384815,Least Concern,Amazon
Reptiles,Cercosaura quadrilineata,Yes,Q5313224,Least Concern,"Cerrado, Atlantic Forest"
Reptiles,Chironius brazili,Yes,Q22009218,Least Concern,"Cerrado, Atlantic Forest, Pampa"
Reptiles,Chironius diamantina,Yes,Q18603347,Least Concern,Caatinga
Reptiles,Chironius foveatus,Yes,Q2963942,Least Concern,"Cerrado, Atlantic Forest, Coastal-Marine System"
Reptiles,Chironius laevicollis,Yes,Q2963947,Least Concern,"Cerrado, Atlantic Forest, Coastal-Marine System"
Reptiles,Clelia hussami,Yes,Q5084019,Least Concern,Atlantic Forest
Reptiles,Coleodactylus brachystoma,Yes,Q2982436,Least Concern,"Amazon, Cerrado, Pantanal"
Reptiles,Coleodactylus elizae,Yes,Q2982434,Critically Endangered,Atlantic Forest
Reptiles,Coleodactylus meridionalis,Yes,Q2982442,Least Concern,"Amazon, Caatinga, Cerrado, Atlantic Forest"
Reptiles,Coleodactylus natalensis,Yes,Q2709923,Endangered,Atlantic Forest
Reptiles,Colobodactylus dalcyanus,Yes,Q5313584,Endangered,Atlantic Forest
Reptiles,Colobodactylus taunayi,Yes,Q5265814,Least Concern,Atlantic Forest
Reptiles,Colobosauroides carvalhoi,Yes,Q5247678,Least Concern,"Caatinga, Cerrado"
Reptiles,Colobosauroides cearensis,Yes,Q5313827,Least Concern,Caatinga
Reptiles,Contomastix vacariensis,Yes,Q2980983,Endangered,"Cerrado, Atlantic Forest"
Reptiles,Copeoglossum arajara,Yes,Q2996740,Least Concern,Caatinga
Reptiles,Corallus cropanii,Yes,Q1938535,Endangered,Atlantic Forest
Reptiles,Coronelaps lepidus,Yes,Q25506872,Least Concern,"Caatinga, Cerrado, Atlantic Forest"
Reptiles,Anolis nasofrontalis,Yes,Q2377290,Critically Endangered,Atlantic Forest
Reptiles,Dactyloa neglecta,No,NA,Data Deficient,Atlantic Forest
Reptiles,Anolis phyllorhinus,Yes,Q2503231,Least Concern,Amazon
Reptiles,Anolis pseudotigrinus,Yes,Q2503778,Critically Endangered,Atlantic Forest
Reptiles,Dendrophidion atlantica,Yes,Q3022370,Least Concern,"Caatinga, Atlantic Forest"
Reptiles,Diploglossus lessonae,Yes,Q2546359,Least Concern,"Caatinga, Atlantic Forest"
Reptiles,Dipsas albifrons,Yes,Q3029210,Least Concern,Atlantic Forest
Reptiles,Dipsas alternans,Yes,Q3029211,Least Concern,"Atlantic Forest, Pampa, Coastal-Marine System"
Reptiles,Dipsas bothropoides,Yes,Q116778858,Near Threatened,Atlantic Forest
Reptiles,Dipsas neuwiedi,Yes,Q81852100,Least Concern,"Caatinga, Cerrado, Atlantic Forest, Pampa, Coastal-Marine System"
Reptiles,Dipsas sazimai,Yes,Q3029238,Least Concern,"Caatinga, Atlantic Forest"
Reptiles,Dryadosaura nordestina,Yes,Q13583231,Least Concern,"Caatinga, Atlantic Forest"
Reptiles,Amnisiophis amoenus,Yes,Q3046949,Least Concern,Atlantic Forest
Reptiles,Echinanthera cephalomaculata,Yes,Q3046951,Endangered,"Caatinga, Atlantic Forest"
Reptiles,Echinanthera cephalostriata,Yes,Q3046952,Least Concern,"Cerrado, Atlantic Forest"
Reptiles,Echinanthera melanostigma,Yes,Q3046955,Least Concern,"Cerrado, Atlantic Forest"
Reptiles,Echinanthera undulata,Yes,Q3046957,Least Concern,"Cerrado, Atlantic Forest"
Reptiles,Ecpleopus gaudichaudii,Yes,Q2191079,Least Concern,Atlantic Forest
Reptiles,Elapomorphus quinquelineatus,Yes,Q3050432,Least Concern,"Cerrado, Atlantic Forest"
Reptiles,Elapomorphus wuchereri,Yes,Q3050437,Least Concern,Atlantic Forest
Reptiles,Enyalius bibronii,Yes,Q5258801,Least Concern,"Caatinga, Cerrado, Atlantic Forest"
Reptiles,Enyalius bilineatus,Yes,Q5313814,Least Concern,"Caatinga, Cerrado, Atlantic Forest"
Reptiles,Enyalius boulengeri,Yes,Q18609596,Least Concern,Atlantic Forest
Reptiles,Enyalius brasiliensis,Yes,Q5314377,Vulnerable,Atlantic Forest
Reptiles,Enyalius catenatus,Yes,Q12256899,Least Concern,"Caatinga, Cerrado, Atlantic Forest"
Reptiles,Enyalius erythroceneus,Yes,Q5246538,Endangered,Caatinga
Reptiles,Enyalius iheringii,Yes,Q5314268,Least Concern,"Atlantic Forest, Pampa"
Reptiles,Enyalius leechii,Yes,Q5314598,Least Concern,"Amazon, Cerrado"
Reptiles,Enyalius perditus,Yes,Q5314764,Least Concern,Atlantic Forest
Reptiles,Enyalius pictus,Yes,Q5242230,Least Concern,"Caatinga, Cerrado, Atlantic Forest"
Reptiles,Epicrates assisi,Yes,Q3055726,Least Concern,"Caatinga, Cerrado, Atlantic Forest"
Reptiles,Epictia borapeliotes,Yes,Q3005656,Least Concern,"Caatinga, Atlantic Forest"
Reptiles,Epictia clinorostris,Yes,Q3055735,Least Concern,Cerrado
Reptiles,Erythrolamprus atraventer,Yes,Q2712920,Least Concern,Atlantic Forest
Reptiles,Erythrolamprus carajasensis,Yes,Q3242028,Near Threatened,Amazon
Reptiles,Erythrolamprus mossoroensis,Yes,Q3242045,Least Concern,"Caatinga, Cerrado, Atlantic Forest"
Reptiles,Erythrolamprus rochai,Yes,Q108079422,Least Concern,Amazon
Reptiles,Erythrolamprus viridis,Yes,Q3019868,Least Concern,"Caatinga, Cerrado, Atlantic Forest, Coastal-Marine System"
Reptiles,Eurolophosaurus amathites,Yes,Q949295,Vulnerable,Caatinga
Reptiles,Eurolophosaurus divaricatus,Yes,Q3060662,Vulnerable,"Caatinga, Cerrado"
Reptiles,Eurolophosaurus nanuzae,Yes,Q948340,Least Concern,"Caatinga, Cerrado, Atlantic Forest"
Reptiles,Eutrachelophis papilio,Yes,Q116971009,Least Concern,Amazon
Reptiles,Glaucomastix abaetensis,Yes,Q28946680,Endangered,"Atlantic Forest, Coastal-Marine System"
Reptiles,Glaucomastix littoralis,Yes,Q28946699,Endangered,Atlantic Forest
Reptiles,Glaucomastix venetacauda,Yes,Q28946704,Least Concern,Caatinga
Reptiles,Gonatodes eladioi,Yes,Q5089364,Least Concern,Amazon
Reptiles,Gonatodes nascimentoi,Yes,Q3110420,Least Concern,Amazon
Reptiles,Gonatodes tapajonicus,Yes,Q3110433,Near Threatened,Amazon
Reptiles,Gymnodactylus amarali,Yes,Q11838823,Least Concern,"Amazon, Caatinga, Cerrado"
Reptiles,Gymnodactylus darwinii,Yes,Q2410091,Least Concern,"Caatinga, Atlantic Forest"
Reptiles,Gymnodactylus geckoides,Yes,Q527912,Least Concern,"Caatinga, Cerrado, Atlantic Forest"
Reptiles,Gymnodactylus guttulatus,Yes,Q3122665,Least Concern,Cerrado
Reptiles,Gymnodactylus vanzolinii,Yes,Q6374238,Endangered,Caatinga
Reptiles,Hemidactylus agrius,Yes,Q3130033,Least Concern,"Caatinga, Cerrado, Atlantic Forest"
Reptiles,Hemidactylus brasilianus,Yes,Q4740143,Least Concern,"Caatinga, Cerrado, Atlantic Forest"
Reptiles,Heterodactylus imbricatus,Yes,Q5263588,Least Concern,Atlantic Forest
Reptiles,Heterodactylus lundii,Yes,Q5258372,Vulnerable,"Cerrado, Atlantic Forest"
Reptiles,Heterodactylus septentrionalis,Yes,Q3134789,Endangered,Caatinga
Reptiles,Leposoma annectans,Yes,Q3229963,Vulnerable,Atlantic Forest
Reptiles,Leposoma baturitensis,Yes,Q6450724,Vulnerable,"Caatinga, Atlantic Forest"
Reptiles,Leposoma nanodactylus,Yes,Q5314109,Endangered,Atlantic Forest
Reptiles,Leposoma puk,Yes,Q5314021,Vulnerable,Atlantic Forest
Reptiles,Leposoma scincoides,Yes,Q5314072,Least Concern,"Caatinga, Atlantic Forest"
Reptiles,Leposoma sinepollex,Yes,Q14542186,Endangered,Atlantic Forest
Reptiles,Leposternon cerradensis,Yes,Q2844305,Data Deficient,Cerrado
Reptiles,Leposternon infraorbitale,Yes,Q5075152,Least Concern,"Amazon, Caatinga, Cerrado, Atlantic Forest"
Reptiles,Leposternon kisteumacheri,Yes,Q55365957,Vulnerable,"Caatinga, Atlantic Forest"
Reptiles,Leposternon maximus,Yes,Q58206872,Endangered,Cerrado
Reptiles,Leposternon octostegum,Yes,Q5075375,Endangered,Atlantic Forest
Reptiles,Leposternon polystegum,Yes,Q58206869,Least Concern,"Amazon, Caatinga, Cerrado, Atlantic Forest"
Reptiles,Leposternon scutigerum,Yes,Q58206871,Endangered,Atlantic Forest
Reptiles,Leposternon wuchereri,Yes,Q5082256,Least Concern,"Caatinga, Atlantic Forest"
Reptiles,Leptodeira tarairiu,Yes,Q117186800,Least Concern,"Caatinga, Cerrado, Atlantic Forest"
Reptiles,Leptophis dibernardoi,Yes,Q116944085,Least Concern,"Caatinga, Cerrado, Atlantic Forest"
Reptiles,Leptophis liocercus,Yes,Q21363215,Least Concern,"Caatinga, Cerrado, Atlantic Forest"
Reptiles,Lioheterophis iheringi,Yes,Q647801,Data Deficient,Caatinga
Reptiles,Liolaemus arambarensis,Yes,Q5089320,Endangered,Pampa
Reptiles,Liolaemus lutzae,Yes,Q3727515,Endangered,Atlantic Forest
Reptiles,Liotyphlops caissara,Yes,Q3242098,Least Concern,Atlantic Forest
Reptiles,Liotyphlops schubarti,Yes,Q262443,Data Deficient,Atlantic Forest
Reptiles,Liotyphlops taylori,Yes,Q130299293,Least Concern,Cerrado
Reptiles,Liotyphlops trefauti,Yes,Q5084351,Least Concern,"Caatinga, Atlantic Forest"
Reptiles,Liotyphlops wilderi,Yes,Q3019528,Least Concern,"Cerrado, Atlantic Forest, Coastal-Marine System"
Reptiles,Loxopholis ferreirai,Yes,Q28913962,Least Concern,Amazon
Reptiles,Loxopholis osvaldoi,Yes,Q28946641,Least Concern,"Amazon, Cerrado"
Reptiles,Lygodactylus klugei,Yes,Q5086406,Least Concern,"Caatinga, Cerrado, Atlantic Forest"
Reptiles,Marinussaurus curupira,Yes,Q13583238,Vulnerable,Amazon
Reptiles,Mesobaena rhachicephala,Yes,Q3306869,Least Concern,Amazon
Reptiles,Micrablepharus atticolus,Yes,Q5313438,Least Concern,"Amazon, Cerrado, Atlantic Forest"
Reptiles,Micrurus boicora,Yes,Q60795456,Least Concern,Amazon
Reptiles,Micrurus brasiliensis,Yes,Q3312503,Least Concern,"Caatinga, Cerrado"
Reptiles,Micrurus decoratus,Yes,Q3312510,Least Concern,"Cerrado, Atlantic Forest"
Reptiles,Micrurus ibiboboca,Yes,Q3312531,Data Deficient,"Amazon, Caatinga, Cerrado, Atlantic Forest"
Reptiles,Micrurus potyguara,Yes,Q18011537,Near Threatened,Atlantic Forest
Reptiles,Mussurana montana,Yes,Q3328872,Least Concern,Atlantic Forest
Reptiles,Anolis brasiliensis,Yes,Q3343935,Least Concern,"Amazon, Caatinga, Cerrado, Atlantic Forest"
Reptiles,Nothobachia ablephara,Yes,Q604706,Least Concern,"Caatinga, Cerrado"
Reptiles,Phalotris concolor,Yes,Q3378012,Near Threatened,Cerrado
Reptiles,Phalotris labiomaculatus,Yes,Q3378016,Least Concern,Cerrado
Reptiles,Phalotris lativittatus,Yes,Q3378019,Vulnerable,"Cerrado, Atlantic Forest"
Reptiles,Phalotris nasutus,Yes,Q3378025,Least Concern,"Amazon, Cerrado, Atlantic Forest, Pantanal"
Reptiles,Philodryas arnaldoi,Yes,Q3381129,Least Concern,"Cerrado, Atlantic Forest, Pampa"
Reptiles,Phyllopezus lutzae,Yes,Q2930358,Least Concern,Atlantic Forest
Reptiles,Phyllopezus periosus,Yes,Q3381944,Least Concern,"Caatinga, Atlantic Forest"
Reptiles,Placosoma cipoense,Yes,Q5313707,Endangered,"Cerrado, Atlantic Forest"
Reptiles,Placosoma cordylinum,Yes,Q5313637,Least Concern,Atlantic Forest
Reptiles,Placosoma glabellum,Yes,Q3390803,Least Concern,"Cerrado, Atlantic Forest"
Reptiles,Procellosaurinus erythrocercus,Yes,Q5265388,Least Concern,"Caatinga, Cerrado"
Reptiles,Procellosaurinus tetradactylus,Yes,Q5260286,Endangered,Caatinga
Reptiles,Pseudoboa martinsi,Yes,Q3409618,Least Concern,Amazon
Reptiles,Pseudoboa serrana,Yes,Q5083824,Least Concern,Atlantic Forest
Reptiles,Pseudogonatodes gasconi,Yes,Q3409744,Least Concern,Amazon
Reptiles,Psilops paeminosus,Yes,Q56707456,Least Concern,"Caatinga, Cerrado, Atlantic Forest"
Reptiles,Psomophis joberti,Yes,Q3409996,Least Concern,"Amazon, Caatinga, Cerrado, Atlantic Forest, Coastal-Marine System"
Reptiles,Psychosaura agmosticha,Yes,Q3410126,Least Concern,"Caatinga, Atlantic Forest"
Reptiles,Psychosaura macrorhyncha,Yes,Q3410128,Least Concern,"Caatinga, Atlantic Forest"
Reptiles,Rhachisaurus brachylepis,Yes,Q13583188,Near Threatened,"Cerrado, Atlantic Forest"
Reptiles,Rodriguesophis chui,Yes,Q3381308,Vulnerable,Caatinga
Reptiles,Rodriguesophis iglesiasi,Yes,Q3381311,Least Concern,"Caatinga, Cerrado"
Reptiles,Rodriguesophis scriptorcibatus,Yes,Q3381313,Vulnerable,"Caatinga, Cerrado"
Reptiles,Rondonops biscutatus,Yes,Q22009419,Least Concern,"Amazon, Cerrado"
Reptiles,Rondonops xanthomystax,Yes,Q22009428,Least Concern,Amazon
Reptiles,Scriptosaura catimbau,Yes,Q14421592,Endangered,Caatinga
Reptiles,Trilepida acutirostris,Yes,Q3482880,Least Concern,Cerrado
Reptiles,Siphlophis leucocephalus,Yes,Q3485180,Least Concern,"Caatinga, Cerrado, Atlantic Forest"
Reptiles,Siphlophis longicaudatus,Yes,Q3485182,Least Concern,"Cerrado, Atlantic Forest"
Reptiles,Siphlophis pulcher,Yes,Q3485183,Least Concern,Atlantic Forest
Reptiles,Stenocercus albolineatus,Yes,Q22009726,Least Concern,"Amazon, Cerrado"
Reptiles,Stenocercus canastra,Yes,Q89330300,Least Concern,Cerrado
Reptiles,Stenocercus dumerilii,Yes,Q3010790,Least Concern,"Amazon, Cerrado"
Reptiles,Stenocercus quinarius,Yes,Q3012701,Vulnerable,Cerrado
Reptiles,Stenocercus sinesaccus,Yes,Q3498297,Least Concern,Cerrado
Reptiles,Stenocercus squarrosus,Yes,Q3013488,Least Concern,"Caatinga, Cerrado"
Reptiles,Stenocercus tricristatus,Yes,Q3498306,Data Deficient,NA
Reptiles,Stenolepis ridleyi,Yes,Q603202,Least Concern,"Caatinga, Atlantic Forest"
Reptiles,Strobilurus torquatus,Yes,Q2270696,Least Concern,"Caatinga, Atlantic Forest"
Reptiles,Dibernardia affinis,Yes,Q3513760,Least Concern,"Caatinga, Cerrado, Atlantic Forest, Pampa"
Reptiles,Dibernardia bilineata,Yes,Q3513764,Least Concern,Atlantic Forest
Reptiles,Dibernardia persimilis,Yes,Q116635948,Least Concern,Atlantic Forest
Reptiles,Adelphostigma quadriocellata,Yes,Q134376318,Least Concern,Amazon
Reptiles,Tantilla boipiranga,Yes,Q3008890,Least Concern,"Cerrado, Atlantic Forest"
Reptiles,Dryophylax almae,Yes,Q131736602,Least Concern,"Caatinga, Atlantic Forest"
Reptiles,Thamnodynastes longicauda,Yes,Q5093813,Least Concern,Atlantic Forest
Reptiles,Dryophylax phoenix,Yes,Q47004262,Least Concern,"Caatinga, Cerrado, Atlantic Forest"
Reptiles,Thamnodynastes sertanejo,Yes,Q5083569,Least Concern,"Caatinga, Cerrado, Atlantic Forest"
Reptiles,Trachylepis atlantica,Yes,Q1938546,Endangered,"Atlantic Forest, Coastal-Marine System"
Reptiles,Trilepida brasiliensis,Yes,Q3012278,Least Concern,"Caatinga, Cerrado, Pantanal"
Reptiles,Trilepida fuliginosa,Yes,Q3539168,Least Concern,"Amazon, Cerrado, Atlantic Forest"
Reptiles,Trilepida jani,Yes,Q3538960,Least Concern,"Cerrado, Atlantic Forest"
Reptiles,Trilepida koppesi,Yes,Q3004410,Least Concern,"Cerrado, Atlantic Forest, Pantanal"
Reptiles,Trilepida salgueiroi,Yes,Q3005714,Least Concern,"Cerrado, Atlantic Forest"
Reptiles,Tropidodryas serra,Yes,Q3540645,Least Concern,Atlantic Forest
Reptiles,Tropidodryas striaticeps,Yes,Q3540649,Least Concern,"Caatinga, Cerrado, Atlantic Forest, Pampa"
Reptiles,Tropidophis grapiuna,Yes,Q3540682,Near Threatened,Atlantic Forest
Reptiles,Tropidophis paucisquamis,Yes,Q550126,Least Concern,Atlantic Forest
Reptiles,Tropidophis preciosus,Yes,Q3540685,Near Threatened,"Cerrado, Atlantic Forest"
Reptiles,Tropidurus cocorobensis,Yes,Q3540739,Least Concern,Caatinga
Reptiles,Tropidurus erythrocephalus,Yes,Q3540741,Endangered,Caatinga
Reptiles,Tropidurus helenae,Yes,Q3540745,Least Concern,Caatinga
Reptiles,Tropidurus hygomi,Yes,Q3540748,Vulnerable,"Atlantic Forest, Coastal-Marine System"
Reptiles,Tropidurus imbituba,Yes,Q14559235,Data Deficient,Coastal-Marine System
Reptiles,Tropidurus insulanus,Yes,Q3540746,Least Concern,"Amazon, Cerrado"
Reptiles,Tropidurus itambere,Yes,Q3017910,Least Concern,"Amazon, Cerrado, Atlantic Forest, Pantanal"
Reptiles,Tropidurus jaguaribanus,Yes,Q3540747,Least Concern,Caatinga
Reptiles,Tropidurus montanus,Yes,Q3540752,Least Concern,"Caatinga, Cerrado, Atlantic Forest"
Reptiles,Tropidurus mucujensis,Yes,Q664141,Endangered,Caatinga
Reptiles,Tropidurus oreadicus,Yes,Q2414670,Least Concern,"Amazon, Caatinga, Cerrado, Pantanal"
Reptiles,Tropidurus pinima,Yes,Q3540755,Least Concern,Caatinga
Reptiles,Tropidurus psammonastes,Yes,Q5073538,Least Concern,"Caatinga, Cerrado"
Reptiles,Tropidurus semitaeniatus,Yes,Q3540757,Least Concern,"Caatinga, Cerrado, Atlantic Forest"
Reptiles,Tropidurus sertanejo,Yes,Q25388779,Data Deficient,Caatinga
Reptiles,Tupinambis matipu,Yes,Q55937687,Least Concern,"Amazon, Cerrado, Pantanal"
Reptiles,Tupinambis palustris,Yes,Q682498,Data Deficient,Atlantic Forest
Reptiles,Tupinambis quadrilineatus,Yes,Q3542221,Least Concern,"Amazon, Cerrado, Pantanal"
Reptiles,Urostrophus vautieri,Yes,Q12268702,Least Concern,"Cerrado, Atlantic Forest, Pampa"
Reptiles,Vanzosaura multiscutata,Yes,Q81849273,Least Concern,"Caatinga, Cerrado, Atlantic Forest"
Reptiles,Vanzosaura savanicola,Yes,Q17842461,Least Concern,Cerrado
Reptiles,Xenodon guentheri,Yes,Q3570884,Least Concern,Atlantic Forest
Reptiles,Xenodon nattereri,Yes,Q3570887,Data Deficient,"Amazon, Caatinga, Cerrado, Atlantic Forest"